M_eV,omega_s,delta_phi_rad
0.01,1000000000000.0,0.06582119569
0.01,1023352047097.2576,0.06735825535175069
0.01,1047249412298.1476,0.06893120850311386
0.01,1071704829896.7094,0.07054089333054947
0.01,1096731331558.8157,0.07218816759388708
0.01,1122342253266.4197,0.07387390908340455
0.01,1148551242423.9392,0.07559901608757874
0.01,1175372265130.6365,0.07736440787176219
0.01,1202819613622.7776,0.07917102516803504
0.01,1230907913889.6018,0.08101983067649715
0.01,1259652133467.1387,0.08291180957826653
0.01,1289067589414.0244,0.08484797006045708
0.01,1319169956473.5742,0.08682934385341592
0.01,1349975275426.4324,0.08885698678050485
0.01,1381499961638.3237,0.0909319793207236
0.01,1413760813807.3613,0.09305542718446799
0.01,1446775022915.648,0.09522846190273511
0.01,1480560181389.91,0.09745224143008716
0.01,1515134292476.0513,0.09972795076169587
0.01,1550515779832.622,0.10205680256479598
0.01,1586723497348.3147,0.10444003782488463
0.01,1623776739188.7244,0.10687892650701111
0.01,1661695250077.6907,0.10937476823250716
0.01,1700499235818.794,0.1119288929715243
0.01,1740209374062.4849,0.11454266175173924
0.01,1780846825324.6812,0.11721746738361108
0.01,1822433244262.6646,0.11995473520257441
0.01,1864990791214.2942,0.122755923828564
0.01,1908542144006.6897,0.1256225259432765
0.01,1953110510040.635,0.12855606908558034
0.01,1998719638657.2524,0.1315581164655051
0.01,2045393833793.3904,0.13463026779723408
0.01,2093157966932.5737,0.1377741601515515
0.01,2142037490358.3833,0.14099146882819563
0.01,2192058450717.3235,0.14428390824858317
0.01,2243247502898.4155,0.14765323286938045
0.01,2295631924236.905,0.15110123811740858
0.01,2349239629049.6626,0.15462976134638085
0.01,2404099183509.974,0.15824068281597925
0.01,2460239820869.778,0.1619359266938002
0.01,2517691457037.277,0.16571746208069185
0.01,2576484706518.3745,0.16958730406003816
0.01,2636650898730.3555,0.1735475147715451
0.01,2698222094696.533,0.17760020451010222
0.01,2761231104130.759,0.18174753285030543
0.01,2825711502920.8325,0.18599170979723614
0.01,2891697651020.3022,0.19033499696412065
0.01,2959224710757.9575,0.19477970877748316
0.01,3028328665574.9453,0.19932821371044504
0.01,3099046339199.427,0.20398293554482358
0.01,3171415415268.9956,0.20874635466270317
0.01,3245474457411.3257,0.21362100936816744
0.01,3321262929793.741,0.2186094972398966
0.01,3398821218152.674,0.22371447651535134
0.01,3478190651314.1333,0.22893866750727612
0.01,3559413523216.8623,0.23428485405328947
0.01,3642533115449.6377,0.23975588499931597
0.01,3727593720314.938,0.2453546757176647
0.01,3814640664431.174,0.2510842096605559
0.01,3903720332886.0845,0.2569475399499269
0.01,3994880193954.178,0.26294779100436316
0.01,4088168824391.298,0.2690881602040169
0.01,4183635935320.0234,0.2753719195944154
0.01,4281332398719.396,0.2818024176300465
0.01,4381310274533.306,0.2883830809586644
0.01,4483622838411.906,0.29511741624726334
0.01,4588324610100.84,0.30200901205069036
0.01,4695471382493.421,0.3090615407238943
0.01,4805120251361.232,0.3162787603788297
0.01,4917329645779.026,0.3236645168870597
0.01,5032159359259.998,0.3312227459291174
0.01,5149670581618.343,0.33895747509173707
0.01,5269925931575.656,0.34687282601404684
0.01,5392989490128.87,0.3549730165838857
0.01,5518926834697.374,0.3632623631854081
0.01,5647805074067.546,0.37174528299917486
0.01,5779692884153.325,0.38042629635595654
0.01,5914660544591.758,0.38931002914549606
0.01,6052779976193.3545,0.3984012152815363
0.01,6194124779266.76,0.40770469922439545
0.01,6338770272838.487,0.4172254385624568
0.01,6486793534788.508,0.42696850665394126
0.01,6638273442923.075,0.4369390953303698
0.01,6793290717006.6875,0.4471425176631576
0.01,6951927961775.591,0.457584210794814
0.01,7114269710955.745,0.46826973883625783
0.01,7280402472308.576,0.4792047958317826
0.01,7450414773728.917,0.49039520879327814
0.01,7624397210419.138,0.5018469408052881
0.01,7802442493165.045,0.5135660942025879
0.01,7984645497739.078,0.5255589138219613
0.01,8171103315457.187,0.5378317903299152
0.01,8361915304916.334,0.5503912636281041
0.01,8557183144940.02,0.5632440263382666
0.01,8757010888760.518,0.5763969273685668
0.01,8961505019466.049,0.589856975563192
0.01,9170774506742.932,0.6036313434371897
0.01,9384930864942.72,0.6177273709985158
0.01,9604088212505.37,0.6321525696593382
0.01,9828363332770.01,0.6469146262386753
0.01,10057875736205.814,0.6620214070585058
0.01,10292747724096.098,0.6774809621355314
0.01,10533104453709.38,0.6933015294708157
0.01,10779074004992.736,0.709491539439619
0.01,11030787448822.15,0.7260596192837186
0.01,11288378916846.883,0.743014597708649
0.01,11551985672964.781,0.7603655095882913
0.01,11821748186466.7,0.7781216007793272
0.01,12097810206889.037,0.7962923330481227
0.01,12380318840613.992,0.8148873891126476
0.01,12669424629259.076,0.8339166778021673
0.01,12965281629896.69,0.8533903393373923
0.01,13268047497147.244,0.8733187507339436
0.01,13577883567189.275,0.8937125313320006
0.01,13894954943731.36,0.9145825484550748
0.01,14219430585991.646,0.9359399232009276
0.01,14551483398731.908,0.9577960363677193
0.01,14891290324394.117,0.9801625345185487
0.01,15239032437388.303,1.0030513361875932
0.01,15594895040582.832,1.026474638231213
0.01,15959067764047.309,1.0504449223273287
0.01,16331744666101.666,1.0749749616265913
0.01,16713124336724.857,1.1000778275588683
0.01,17103410003378.379,1.1257668967986718
0.01,17502809639301.049,1.1520558583932528
0.01,17911536074332.34,1.1789587210571233
0.01,18329807108324.375,1.2064898206369716
0.01,18757845627201.61,1.234663827750848
0.01,19195879721731.11,1.2634957556057662
0.01,19644142809066.266,1.2930009679978571
0.01,20102873757128.832,1.3231951874993424
0.01,20572317011895.527,1.3540945038366916
0.01,21052722727657.027,1.385715382464424
0.01,21544346900318.867,1.4180746733391332
0.01,22047451503814.766,1.4511896198983765
0.01,22562304629706.35,1.4850778682492947
0.01,23089180630041.926,1.5197574765717472
0.01,23628360263551.75,1.5552469247410599
0.01,24180130845257.18,1.5915651241754778
0.01,24744786399573.477,1.6287314279135763
0.01,25322627816988.0,1.6667656409270049
0.01,25913963014396.63,1.705688030674023
0.01,26519107099185.406,1.7455193378995508
0.01,27138382537142.797,1.7862807876873548
0.01,27772119324293.547,1.827994100770356
0.01,28420655162745.11,1.8706815051050547
0.01,29084335640640.45,1.9143657477162366
0.01,29763514416313.13,1.9590701068182825
0.01,30458553406742.777,2.0048184042195327
0.01,31169822980411.496,2.051635018016324
0.01,31897702154663.246,2.099544895583424
0.01,32642578797673.24,2.148573566867895
0.01,33404849835132.44,2.1987471579933167
0.01,34184921461759.273,2.2500924051817384
0.01,34983209357750.33,2.302636669000724
0.01,35800138910285.734,2.356407948943101
0.01,36636145440207.234,2.4114348983471814
0.01,37491674433988.93,2.4677468396653555
0.01,38367181781126.484,2.5253737800893292
0.01,39263134017068.4,2.584346427540155
0.01,40180008571820.91,2.6446962070317013
0.01,41118294024358.28,2.7064552774162443
0.01,42078490362973.984,2.76965654852109
0.01,43061109251711.65,2.834333698685382
0.01,44066674303017.77,2.900521192706427
0.01,45095721356761.53,2.968254300205113
0.01,46148798765769.44,3.037569114420141
0.01,47226467688029.54,3.108502571441254
0.01,48329302385717.516,3.1810924698914964
0.01,49457890531206.39,3.255377491069134
0.01,50612833520222.14,3.3313972195599333
0.01,51794746792312.02,3.4091921643307694
0.01,53004260158796.836,3.4888037803158367
0.01,54242018138380.35,3.5702744905068626
0.01,55508680300598.1,3.6536477085593155
0.01,56804921617284.29,3.738967861926381
0.01,58131432822247.13,3.8262804155332173
0.01,59488920779343.305,3.9156318960040633
0.01,60878108859147.555,4.007069916455074
0.01,62299737324418.34,4.100643201866137
0.01,63754563724564.93,4.196401615045164
0.01,65243363299326.35,4.294396183198724
0.01,66766929391875.7,4.394679125123063
0.01,68326073871574.055,4.497303879030272
0.01,69921627566593.75,4.602325131024066
0.01,71554440706645.75,4.709798844240632
0.01,73225383376045.27,4.819782288669948
0.01,74935345977357.4,4.9323340716734965
0.01,76685239705870.25,5.047514169214644
0.01,78475997035146.23,5.165383957818221
0.01,80308572213915.2,5.286006247276609
0.01,82183941774568.06,5.40944531411941
0.01,84103105053526.05,5.535766935864766
0.01,86067084723761.58,5.66503842607052
0.01,88076927339754.52,5.7973286702038935
0.01,90133703895174.2,5.932708162348776
0.01,92238510393584.58,6.07124904277023
0.01,94392468432476.83,6.2130251363562055
0.01,96596725800938.42,6.358111991956839
0.01,98852457091282.8,6.5065869226426525
0.01,101160864324958.08,6.658529046902606
0.01,103523177593073.78,6.814019330804332
0.01,105940655711885.0,6.973140631138899
0.01,108414586893583.72,7.135977739573083
0.01,110946289432752.4,7.302617427832575
0.01,113537112408852.0,7.473148493940575
0.01,116188436405110.14,7.647661809535874
0.01,118901674244198.98,7.826250368296055
0.01,121678271741092.3,8.009009335491433
0.01,124519708473503.19,8.196036098696204
0.01,127427498570313.2,8.38743031968378
0.01,130403191518412.89,8.583293987534002
0.01,133448372988383.56,8.783731472980504
0.01,136564665679460.69,8.988849584027209
0.01,139753730184229.25,9.198757622863614
0.01,143017265873508.78,9.413567444108981
0.01,146357011801907.97,9.633393514417024
0.01,149774747634520.0,9.858352973472106
0.01,153272294595261.2,10.088565696410017
0.01,156851516437355.1,10.324154357696402
0.01,160514320436476.47,10.565244496496684
0.01,164262658407093.34,10.811964583572916
0.01,168098527742536.53,11.064446089742392
0.01,172023972479359.9,11.322823555935123
0.01,176041084386555.25,11.587234664887257
0.01,180152004080202.38,11.857820314508679
0.01,184358922164148.6,12.134724692963903
0.01,188664080397325.44,12.418095355506251
0.01,193069772888324.56,12.708083303106267
0.01,197578347317869.53,13.004843062916276
0.01,202192206189835.56,13.308532770613995
0.01,206913808111479.03,13.61931425466877
0.01,211745669103571.2,13.937353122576146
0.01,216690363941118.1,14.262818849105654
0.01,221750527525392.94,14.595884866609621
0.01,226928856288008.56,14.936728657440899
0.01,232228109627772.94,15.285531848528416
0.01,237651111381107.75,15.642480308161879
0.01,243200751326794.97,16.007764245036
0.01,248879986725866.72,16.381578309607878
0.01,254691843897454.0,16.764121697821253
0.01,260639419831434.72,17.155598257252933
0.01,266725883838740.25,17.55621659573793
0.01,272954479240200.2,17.966190192531258
0.01,279328525094824.75,18.385737512065536
0.01,285851417968446.56,18.815082120365105
0.01,292526633743664.75,19.254452804178715
0.01,299357729472049.0,19.704083692893818
0.01,306348345269608.4,20.164214383298578
0.01,313502206256511.25,20.63509006725657
0.01,320823124542107.4,21.11696166236329
0.01,328315001256305.4,21.61008594565387
0.01,335981828628378.75,22.11472569043256
0.01,343827692114331.4,22.631149806298474
0.01,351856772573926.6,23.15963348244025
0.01,360073348498562.0,23.700458334277418
0.01,368481798291167.6,24.253912553526053
0.01,377086602599345.1,24.82029106176876
0.01,385892346702989.9,25.39989566761082
0.01,394903722957669.3,25.9930352275063
0.01,404125533295059.25,26.600025810339705
0.01,413562691781769.75,27.221190865851025
0.01,423220227237928.0,27.856861396993924
0.01,433103285916900.1,28.507376136318307
0.01,443217134247608.5,29.173081726472844
0.01,453567161640870.25,29.85433290492158
0.01,464158883361277.25,30.55149269297452
0.01,474997943466142.2,31.2649325892325
0.01,486090117813064.0,31.995032767548842
0.01,497441317137746.2,32.742182279614944
0.01,509057590203668.6,33.5067792622755
0.01,520945127025321.1,34.28923114968557
0.01,533110262166703.25,35.08995489042178
0.01,545559478116851.5,35.90937716966356
0.01,558299408744191.44,36.747934636562725
0.01,571336842831556.8,37.60607413692267
0.01,584678727693757.8,38.484252951311056
0.01,598332172879627.0,39.382939038732836
0.01,612304453960519.0,40.30261128599392
0.01,626603016407265.6,41.24375976288691
0.01,641235479557691.6,42.20688598333781
0.01,656209640676755.4,43.192503172649296
0.01,671533479111513.5,44.20113654098546
0.01,687215160543113.5,45.23332356324304
0.01,703263041338065.8,46.28961426545738
0.01,719685673001152.9,47.370571517898235
0.01,736491806732297.2,48.4767713350082
0.01,753690398089854.1,49.60880318234629
0.01,771290611762799.2,50.76727029069903
0.01,789301826454356.6,51.95278997752663
0.01,807733639879670.2,53.16599397591577
0.01,826595873880179.6,54.40752877121386
0.01,845898579657428.2,55.67805594552464
0.01,865652043129091.9,56.97825253024828
0.01,885866790410083.1,58.30881136685429
0.01,906553593421635.8,59.67044147607818
0.01,927723475631405.9,61.06386843574172
0.01,949387717927582.0,62.4898347673939
0.01,971557864630184.8,63.949100331981924
0.01,994245729642743.9,65.44244273476188
0.01,1017463402747608.4,66.97065773966362
0.01,1041223256048306.5,68.53455969333456
0.01,1065537950562306.4,70.13498195908312
0.01,1090420442967752.8,71.77277736095694
0.01,1115883992507748.1,73.44881863819099
0.01,1141942168055864.8,75.16399891026795
0.01,1168608855346649.8,76.91923215283873
0.01,1195898264374976.8,78.71545368475671
0.01,1223824936968189.8,80.55362066648513
0.01,1252403754535069.2,82.43471261014352
0.01,1281649945995759.8,84.35973190146484
0.01,1311579095896850.2,86.32970433393986
0.01,1342207152716012.0,88.34567965543835
0.01,1373550437360512.2,90.40873212759138
0.01,1405625651864213.5,92.51996109823821
0.01,1438449888287665.8,94.6804915872411
0.01,1472040637826004.2,96.89147488597784
0.01,1506415800129594.2,99.15408917083795
0.01,1541593692842273.2,101.46954013104101
0.01,1577593061362361.2,103.83906161111815
0.01,1614433088831602.0,106.26391626839604
0.01,1652133406357368.5,108.74539624583466
0.01,1690714103473578.2,111.28482386057729
0.01,1730195738845891.0,113.88355230857954
0.01,1770599351226894.2,116.54296638569245
0.01,1811946470667118.5,119.26448322558525
0.01,1854259129987854.2,122.0495530548997
0.01,1897559876521850.2,124.89965996603695
0.01,1941871784128254.8,127.8163227079953
0.01,1987218465488053.2,130.80109549567067
0.01,2033624084686670.2,133.85556883805847
0.01,2081113370090399.2,136.98137038579557
0.01,2129711627523482.5,140.18016579849152
0.01,2179444753752988.0,143.45365963231927
0.01,2230339250288498.8,146.80359624832718
0.01,2282422237504097.5,150.23176074196488
0.01,2335721469090121.5,153.73997989431518
0.01,2390265346842389.0,157.33012314553864
0.01,2446082935796795.5,161.00410359105058
0.01,2503203979717320.5,164.76387900096054
0.01,2561658916945721.5,168.6114528633178
0.01,2621478896621347.5,172.548875451719
0.01,2682695795279727.0,176.5782449178471
0.01,2745342233838714.0,180.70170840951974
0.01,2809451594981406.0,184.92146321485376
0.01,2875058040944877.0,189.2397579331408
0.01,2942196531724371.0,193.65889367306912
0.01,3010902843702598.5,198.18122527892623
0.01,3081213588714008.5,202.80916258543192
0.01,3153166233554367.5,207.54517170188225
0.01,3226799119945812.0,212.3917763262731
0.01,3302151484968175.5,217.35155909011436
0.01,3379263481967431.5,222.42716293464912
0.01,3458176201952377.5,227.6212925192084
0.01,3538931695490984.0,232.93671566245555
0.01,3621572995118067.0,238.37626481728572
0.01,3706144138266220.5,243.94283858016732
0.01,3792690190732238.0,249.63940323573007
0.01,3881257270691540.0,255.46899433742317
0.01,3971892573273302.0,261.43471832507964
0.01,4064644395709627.5,267.53975418026516
0.01,4159562163071843.0,273.7873551202715
0.01,4256696454607867.0,280.1808503316736
0.01,4356099030694617.0,286.7236467443697
0.01,4457822860419716.0,293.4192308470417
0.01,4561922149807468.0,300.27117054502287
0.01,4668452370703794.0,307.28311706153886
0.01,4777470290335773.0,314.45880688335205
0.01,4889034001561442.0,321.80206375183946
0.01,5003202953825999.0,329.3168007005671
0.01,5120037984840882.0,337.007022140445
0.01,5239601353002633.0,344.8768259935751
0.01,5361956770568805.0,352.93040587692974
0.01,5487169437608587.0,361.172053337022
0.01,5615306076746278.0,369.6061601367629
0.01,5746434968715974.0,378.23722059571315
0.01,5880625988746757.0,387.06983398500006
0.01,6017950643797328.0,396.10870697814545
0.01,6158482110660254.0,405.3586561591328
0.01,6302295274956036.0,414.82461058904363
0.01,6449466771037634.0,424.51161443262055
0.01,6600075022827102.0,434.4248296461839
0.01,6754200285605594.0,444.56953872829973
0.01,6911924688779366.0,454.951147534689
0.01,7073332279644438.0,465.5751881588704
0.01,7238509068173247.0,476.4473218800709
0.01,7407543072847155.0,487.5733421799765
0.01,7580524367559245.0,498.9591778299306
0.01,7757545129612397.0,510.610896050224
0.01,7938699688838207.0,522.5347057431618
0.01,8124084577862974.0,534.73696080163
0.01,8313798583547334.0,547.2241634949139
0.01,8507942799627444.0,560.0029679336044
0.01,8706620680585118.0,573.080183615394
0.01,8909938096776098.0,586.4627790536857
0.01,9118003390845700.0,600.1578854909384
0.01,9330927435461682.0,614.1728006987132
0.01,9548823692395676.0,628.5149928664841
0.01,9771808272983908.0,643.1921045812347
0.01,1e+16,658.2119569
0.03,1000000000000.0,0.021940398563333335
0.03,1023352047097.2576,0.0224527517839169
0.03,1047249412298.1476,0.022977069501037957
0.03,1071704829896.7094,0.02351363111018316
0.03,1096731331558.8157,0.024062722531295693
0.03,1122342253266.4197,0.024624636361134853
0.03,1148551242423.9392,0.025199672029192915
0.03,1175372265130.6365,0.025788135957254064
0.03,1202819613622.7776,0.026390341722678345
0.03,1230907913889.6018,0.027006610225499054
0.03,1259652133467.1387,0.02763726985942218
0.03,1289067589414.0244,0.028282656686819025
0.03,1319169956473.5742,0.02894311461780531
0.03,1349975275426.4324,0.02961899559350162
0.03,1381499961638.3237,0.030310659773574535
0.03,1413760813807.3613,0.031018475728155998
0.03,1446775022915.648,0.031742820634245036
0.03,1480560181389.91,0.03248408047669572
0.03,1515134292476.0513,0.03324265025389862
0.03,1550515779832.622,0.03401893418826533
0.03,1586723497348.3147,0.034813345941628215
0.03,1623776739188.7244,0.035626308835670376
0.03,1661695250077.6907,0.03645825607750239
0.03,1700499235818.794,0.037309630990508096
0.03,1740209374062.4849,0.03818088725057975
0.03,1780846825324.6812,0.03907248912787036
0.03,1822433244262.6646,0.03998491173419147
0.03,1864990791214.2942,0.040918641276188
0.03,1908542144006.6897,0.0418741753144255
0.03,1953110510040.635,0.04285202302852679
0.03,1998719638657.2524,0.0438527054885017
0.03,2045393833793.3904,0.04487675593241137
0.03,2093157966932.5737,0.04592472005051717
0.03,2142037490358.3833,0.04699715627606521
0.03,2192058450717.3235,0.04809463608286106
0.03,2243247502898.4155,0.04921774428979349
0.03,2295631924236.905,0.05036707937246953
0.03,2349239629049.6626,0.05154325378212695
0.03,2404099183509.974,0.05274689427199308
0.03,2460239820869.778,0.053978642231266735
0.03,2517691457037.277,0.05523915402689728
0.03,2576484706518.3745,0.05652910135334606
0.03,2636650898730.3555,0.05784917159051504
0.03,2698222094696.533,0.05920006817003408
0.03,2761231104130.759,0.060582510950101816
0.03,2825711502920.8325,0.061997236599078714
0.03,2891697651020.3022,0.06344499898804022
0.03,2959224710757.9575,0.06492656959249439
0.03,3028328665574.9453,0.06644273790348168
0.03,3099046339199.427,0.06799431184827454
0.03,3171415415268.9956,0.06958211822090106
0.03,3245474457411.3257,0.07120700312272248
0.03,3321262929793.741,0.07286983241329886
0.03,3398821218152.674,0.07457149217178378
0.03,3478190651314.1333,0.07631288916909204
0.03,3559413523216.8623,0.0780949513510965
0.03,3642533115449.6377,0.07991862833310533
0.03,3727593720314.938,0.08178489190588824
0.03,3814640664431.174,0.08369473655351864
0.03,3903720332886.0845,0.08564917998330897
0.03,3994880193954.178,0.08764926366812105
0.03,4088168824391.298,0.08969605340133896
0.03,4183635935320.0234,0.09179063986480515
0.03,4281332398719.396,0.09393413921001549
0.03,4381310274533.306,0.09612769365288813
0.03,4483622838411.906,0.09837247208242111
0.03,4588324610100.84,0.10066967068356346
0.03,4695471382493.421,0.10302051357463145
0.03,4805120251361.232,0.1054262534596099
0.03,4917329645779.026,0.10788817229568658
0.03,5032159359259.998,0.11040758197637246
0.03,5149670581618.343,0.11298582503057902
0.03,5269925931575.656,0.11562427533801563
0.03,5392989490128.87,0.11832433886129524
0.03,5518926834697.374,0.12108745439513605
0.03,5647805074067.546,0.1239150943330583
0.03,5779692884153.325,0.12680876545198552
0.03,5914660544591.758,0.12977000971516536
0.03,6052779976193.3545,0.13280040509384544
0.03,6194124779266.76,0.13590156640813184
0.03,6338770272838.487,0.13907514618748562
0.03,6486793534788.508,0.14232283555131375
0.03,6638273442923.075,0.14564636511012327
0.03,6793290717006.6875,0.1490475058877192
0.03,6951927961775.591,0.152528070264938
0.03,7114269710955.745,0.1560899129454193
0.03,7280402472308.576,0.15973493194392754
0.03,7450414773728.917,0.1634650695977594
0.03,7624397210419.138,0.16728231360176274
0.03,7802442493165.045,0.17118869806752932
0.03,7984645497739.078,0.17518630460732046
0.03,8171103315457.187,0.1792772634433051
0.03,8361915304916.334,0.18346375454270136
0.03,8557183144940.02,0.18774800877942224
0.03,8757010888760.518,0.19213230912285562
0.03,8961505019466.049,0.19661899185439738
0.03,9170774506742.932,0.20121044781239658
0.03,9384930864942.72,0.20590912366617195
0.03,9604088212505.37,0.21071752321977943
0.03,9828363332770.01,0.21563820874622514
0.03,10057875736205.814,0.22067380235283526
0.03,10292747724096.098,0.22582698737851048
0.03,10533104453709.38,0.23110050982360525
0.03,10779074004992.736,0.23649717981320634
0.03,11030787448822.15,0.2420198730945729
0.03,11288378916846.883,0.24767153256954966
0.03,11551985672964.781,0.2534551698627638
0.03,11821748186466.7,0.25937386692644243
0.03,12097810206889.037,0.2654307776827076
0.03,12380318840613.992,0.2716291297042159
0.03,12669424629259.076,0.2779722259340558
0.03,12965281629896.69,0.2844634464457974
0.03,13268047497147.244,0.29110625024464787
0.03,13577883567189.275,0.29790417711066686
0.03,13894954943731.36,0.30486084948502495
0.03,14219430585991.646,0.31197997440030917
0.03,14551483398731.908,0.3192653454559064
0.03,14891290324394.117,0.32672084483951624
0.03,15239032437388.303,0.3343504453958644
0.03,15594895040582.832,0.34215821274373776
0.03,15959067764047.309,0.35014830744244296
0.03,16331744666101.666,0.35832498720886385
0.03,16713124336724.857,0.36669260918628943
0.03,17103410003378.379,0.375255632266224
0.03,17502809639301.049,0.3840186194644176
0.03,17911536074332.34,0.39298624035237445
0.03,18329807108324.375,0.4021632735456573
0.03,18757845627201.61,0.4115546092502827
0.03,19195879721731.11,0.4211652518685888
0.03,19644142809066.266,0.4310003226659524
0.03,20102873757128.832,0.4410650624997808
0.03,20572317011895.527,0.45136483461223054
0.03,21052722727657.027,0.46190512748814133
0.03,21544346900318.867,0.47269155777971106
0.03,22047451503814.766,0.4837298732994589
0.03,22562304629706.35,0.4950259560830983
0.03,23089180630041.926,0.5065858255239157
0.03,23628360263551.75,0.5184156415803532
0.03,24180130845257.18,0.5305217080584926
0.03,24744786399573.477,0.5429104759711921
0.03,25322627816988.0,0.5555885469756683
0.03,25913963014396.63,0.568562676891341
0.03,26519107099185.406,0.5818397792998503
0.03,27138382537142.797,0.5954269292291182
0.03,27772119324293.547,0.609331366923452
0.03,28420655162745.11,0.623560501701685
0.03,29084335640640.45,0.6381219159054122
0.03,29763514416313.13,0.6530233689394276
0.03,30458553406742.777,0.6682728014065109
0.03,31169822980411.496,0.6838783393387747
0.03,31897702154663.246,0.699848298527808
0.03,32642578797673.24,0.7161911889559651
0.03,33404849835132.44,0.7329157193311057
0.03,34184921461759.273,0.7500308017272461
0.03,34983209357750.33,0.7675455563335747
0.03,35800138910285.734,0.785469316314367
0.03,36636145440207.234,0.8038116327823939
0.03,37491674433988.93,0.8225822798884519
0.03,38367181781126.484,0.8417912600297764
0.03,39263134017068.4,0.8614488091800516
0.03,40180008571820.91,0.8815654023439005
0.03,41118294024358.28,0.9021517591387481
0.03,42078490362973.984,0.92321884950703
0.03,43061109251711.65,0.944777899561794
0.03,44066674303017.77,0.9668403975688091
0.03,45095721356761.53,0.9894181000683712
0.03,46148798765769.44,1.012523038140047
0.03,47226467688029.54,1.0361675238137513
0.03,48329302385717.516,1.0603641566304989
0.03,49457890531206.39,1.0851258303563782
0.03,50612833520222.14,1.110465739853311
0.03,51794746792312.02,1.1363973881102565
0.03,53004260158796.836,1.1629345934386124
0.03,54242018138380.35,1.1900914968356209
0.03,55508680300598.1,1.217882569519772
0.03,56804921617284.29,1.246322620642127
0.03,58131432822247.13,1.2754268051777393
0.03,59488920779343.305,1.3052106320013546
0.03,60878108859147.555,1.3356899721516915
0.03,62299737324418.34,1.3668810672887124
0.03,63754563724564.93,1.398800538348388
0.03,65243363299326.35,1.4314653943995748
0.03,66766929391875.7,1.4648930417076877
0.03,68326073871574.055,1.4991012930100907
0.03,69921627566593.75,1.5341083770080222
0.03,71554440706645.75,1.5699329480802107
0.03,73225383376045.27,1.6065940962233163
0.03,74935345977357.4,1.6441113572244987
0.03,76685239705870.25,1.682504723071548
0.03,78475997035146.23,1.7217946526060735
0.03,80308572213915.2,1.7620020824255367
0.03,82183941774568.06,1.8031484380398035
0.03,84103105053526.05,1.8452556452882554
0.03,86067084723761.58,1.8883461420235068
0.03,88076927339754.52,1.9324428900679644
0.03,90133703895174.2,1.9775693874495923
0.03,92238510393584.58,2.02374968092341
0.03,94392468432476.83,2.0710083787854017
0.03,96596725800938.42,2.1193706639856136
0.03,98852457091282.8,2.168862307547551
0.03,101160864324958.08,2.2195096823008686
0.03,103523177593073.78,2.2713397769347776
0.03,105940655711885.0,2.3243802103796334
0.03,108414586893583.72,2.3786592465243612
0.03,110946289432752.4,2.434205809277525
0.03,113537112408852.0,2.4910494979801916
0.03,116188436405110.14,2.549220603178625
0.03,118901674244198.98,2.608750122765352
0.03,121678271741092.3,2.669669778497145
0.03,124519708473503.19,2.732012032898735
0.03,127427498570313.2,2.79581010656126
0.03,130403191518412.89,2.861097995844668
0.03,133448372988383.56,2.9279104909935016
0.03,136564665679460.69,2.9962831946757364
0.03,139753730184229.25,3.066252540954538
0.03,143017265873508.78,3.1378558147029936
0.03,146357011801907.97,3.2111311714723416
0.03,149774747634520.0,3.2861176578240356
0.03,153272294595261.2,3.3628552321366723
0.03,156851516437355.1,3.441384785898801
0.03,160514320436476.47,3.5217481654988947
0.03,164262658407093.34,3.6039881945243053
0.03,168098527742536.53,3.688148696580797
0.03,172023972479359.9,3.7742745186450413
0.03,176041084386555.25,3.862411554962419
0.03,180152004080202.38,3.9526067715028934
0.03,184358922164148.6,4.044908230987968
0.03,188664080397325.44,4.139365118502083
0.03,193069772888324.56,4.236027767702089
0.03,197578347317869.53,4.334947687638759
0.03,202192206189835.56,4.436177590204665
0.03,206913808111479.03,4.539771418222924
0.03,211745669103571.2,4.645784374192049
0.03,216690363941118.1,4.754272949701885
0.03,221750527525392.94,4.86529495553654
0.03,226928856288008.56,4.9789095524802995
0.03,232228109627772.94,5.095177282842806
0.03,237651111381107.75,5.214160102720626
0.03,243200751326794.97,5.335921415012
0.03,248879986725866.72,5.460526103202626
0.03,254691843897454.0,5.5880405659404175
0.03,260639419831434.72,5.718532752417644
0.03,266725883838740.25,5.85207219857931
0.03,272954479240200.2,5.988730064177086
0.03,279328525094824.75,6.128579170688512
0.03,285851417968446.56,6.271694040121702
0.03,292526633743664.75,6.418150934726238
0.03,299357729472049.0,6.568027897631272
0.03,306348345269608.4,6.72140479443286
0.03,313502206256511.25,6.878363355752191
0.03,320823124542107.4,7.038987220787765
0.03,328315001256305.4,7.203361981884624
0.03,335981828628378.75,7.371575230144188
0.03,343827692114331.4,7.543716602099492
0.03,351856772573926.6,7.719877827480084
0.03,360073348498562.0,7.900152778092473
0.03,368481798291167.6,8.084637517842017
0.03,377086602599345.1,8.27343035392292
0.03,385892346702989.9,8.466631889203608
0.03,394903722957669.3,8.664345075835433
0.03,404125533295059.25,8.866675270113236
0.03,413562691781769.75,9.073730288617009
0.03,423220227237928.0,9.285620465664643
0.03,433103285916900.1,9.502458712106103
0.03,443217134247608.5,9.724360575490948
0.03,453567161640870.25,9.951444301640528
0.03,464158883361277.25,10.183830897658174
0.03,474997943466142.2,10.421644196410835
0.03,486090117813064.0,10.66501092251628
0.03,497441317137746.2,10.91406075987165
0.03,509057590203668.6,11.1689264207585
0.03,520945127025321.1,11.429743716561857
0.03,533110262166703.25,11.696651630140595
0.03,545559478116851.5,11.969792389887854
0.03,558299408744191.44,12.249311545520909
0.03,571336842831556.8,12.535358045640892
0.03,584678727693757.8,12.828084317103686
0.03,598332172879627.0,13.12764634624428
0.03,612304453960519.0,13.434203761997972
0.03,626603016407265.6,13.747919920962305
0.03,641235479557691.6,14.068961994445939
0.03,656209640676755.4,14.397501057549768
0.03,671533479111513.5,14.733712180328487
0.03,687215160543113.5,15.077774521081015
0.03,703263041338065.8,15.42987142181913
0.03,719685673001152.9,15.790190505966079
0.03,736491806732297.2,16.158923778336067
0.03,753690398089854.1,16.536267727448767
0.03,771290611762799.2,16.92242343023301
0.03,789301826454356.6,17.317596659175543
0.03,807733639879670.2,17.721997991971925
0.03,826595873880179.6,18.135842923737954
0.03,845898579657428.2,18.559351981841548
0.03,865652043129091.9,18.992750843416093
0.03,885866790410083.1,19.4362704556181
0.03,906553593421635.8,19.890147158692727
0.03,927723475631405.9,20.354622811913906
0.03,949387717927582.0,20.829944922464634
0.03,971557864630184.8,21.316366777327307
0.03,994245729642743.9,21.814147578253962
0.03,1017463402747608.4,22.323552579887874
0.03,1041223256048306.5,22.84485323111152
0.03,1065537950562306.4,23.378327319694375
0.03,1090420442967752.8,23.924259120318982
0.03,1115883992507748.1,24.482939546063662
0.03,1141942168055864.8,25.05466630342265
0.03,1168608855346649.8,25.639744050946245
0.03,1195898264374976.8,26.23848456158557
0.03,1223824936968189.8,26.85120688882838
0.03,1252403754535069.2,27.47823753671451
0.03,1281649945995759.8,28.119910633821615
0.03,1311579095896850.2,28.77656811131329
0.03,1342207152716012.0,29.448559885146118
0.03,1373550437360512.2,30.13624404253046
0.03,1405625651864213.5,30.839987032746073
0.03,1438449888287665.8,31.5601638624137
0.03,1472040637826004.2,32.29715829532595
0.03,1506415800129594.2,33.05136305694599
0.03,1541593692842273.2,33.82318004368034
0.03,1577593061362361.2,34.61302053703939
0.03,1614433088831602.0,35.42130542279868
0.03,1652133406357368.5,36.24846541527822
0.03,1690714103473578.2,37.094941286859104
0.03,1730195738845891.0,37.961184102859846
0.03,1770599351226894.2,38.84765546189749
0.03,1811946470667118.5,39.75482774186175
0.03,1854259129987854.2,40.68318435163324
0.03,1897559876521850.2,41.63321998867899
0.03,1941871784128254.8,42.6054409026651
0.03,1987218465488053.2,43.60036516522356
0.03,2033624084686670.2,44.61852294601949
0.03,2081113370090399.2,45.66045679526519
0.03,2129711627523482.5,46.726721932830515
0.03,2179444753752988.0,47.81788654410643
0.03,2230339250288498.8,48.934532082775725
0.03,2282422237504097.5,50.07725358065496
0.03,2335721469090121.5,51.24665996477173
0.03,2390265346842389.0,52.44337438184621
0.03,2446082935796795.5,53.6680345303502
0.03,2503203979717320.5,54.92129300032018
0.03,2561658916945721.5,56.203817621105934
0.03,2621478896621347.5,57.51629181723967
0.03,2682695795279727.0,58.8594149726157
0.03,2745342233838714.0,60.233902803173244
0.03,2809451594981406.0,61.64048773828459
0.03,2875058040944877.0,63.07991931104693
0.03,2942196531724371.0,64.5529645576897
0.03,3010902843702598.5,66.06040842630874
0.03,3081213588714008.5,67.60305419514398
0.03,3153166233554367.5,69.18172390062743
0.03,3226799119945812.0,70.79725877542437
0.03,3302151484968175.5,72.45051969670479
0.03,3379263481967431.5,74.14238764488304
0.03,3458176201952377.5,75.87376417306947
0.03,3538931695490984.0,77.64557188748519
0.03,3621572995118067.0,79.45875493909524
0.03,3706144138266220.5,81.31427952672244
0.03,3792690190732238.0,83.21313441191003
0.03,3881257270691540.0,85.15633144580774
0.03,3971892573273302.0,87.14490610835989
0.03,4064644395709627.5,89.1799180600884
0.03,4159562163071843.0,91.26245170675718
0.03,4256696454607867.0,93.39361677722454
0.03,4356099030694617.0,95.57454891478991
0.03,4457822860419716.0,97.80641028234724
0.03,4561922149807468.0,100.0903901816743
0.03,4668452370703794.0,102.42770568717962
0.03,4777470290335773.0,104.81960229445069
0.03,4889034001561442.0,107.26735458394649
0.03,5003202953825999.0,109.77226690018905
0.03,5120037984840882.0,112.33567404681499
0.03,5239601353002633.0,114.95894199785837
0.03,5361956770568805.0,117.64346862564327
0.03,5487169437608587.0,120.39068444567403
0.03,5615306076746278.0,123.20205337892098
0.03,5746434968715974.0,126.0790735319044
0.03,5880625988746757.0,129.02327799500003
0.03,6017950643797328.0,132.03623565938182
0.03,6158482110660254.0,135.1195520530443
0.03,6302295274956036.0,138.27487019634788
0.03,6449466771037634.0,141.5038714775402
0.03,6600075022827102.0,144.80827654872797
0.03,6754200285605594.0,148.18984624276658
0.03,6911924688779366.0,151.65038251156304
0.03,7073332279644438.0,155.19172938629012
0.03,7238509068173247.0,158.81577396002362
0.03,7407543072847155.0,162.52444739332552
0.03,7580524367559245.0,166.3197259433102
0.03,7757545129612397.0,170.20363201674135
0.03,7938699688838207.0,174.1782352477206
0.03,8124084577862974.0,178.2456536005433
0.03,8313798583547334.0,182.40805449830464
0.03,8507942799627444.0,186.66765597786815
0.03,8706620680585118.0,191.02672787179802
0.03,8909938096776098.0,195.48759301789525
0.03,9118003390845700.0,200.05262849697945
0.03,9330927435461682.0,204.7242668995711
0.03,9548823692395676.0,209.5049976221614
0.03,9771808272983908.0,214.39736819374494
0.03,1e+16,219.40398563333335
0.1,1000000000000.0,0.006582119569
0.1,1023352047097.2576,0.006735825535175069
0.1,1047249412298.1476,0.006893120850311386
0.1,1071704829896.7094,0.007054089333054948
0.1,1096731331558.8157,0.007218816759388708
0.1,1122342253266.4197,0.0073873909083404556
0.1,1148551242423.9392,0.007559901608757874
0.1,1175372265130.6365,0.007736440787176219
0.1,1202819613622.7776,0.007917102516803503
0.1,1230907913889.6018,0.008101983067649714
0.1,1259652133467.1387,0.008291180957826653
0.1,1289067589414.0244,0.008484797006045706
0.1,1319169956473.5742,0.008682934385341592
0.1,1349975275426.4324,0.008885698678050485
0.1,1381499961638.3237,0.00909319793207236
0.1,1413760813807.3613,0.009305542718446799
0.1,1446775022915.648,0.00952284619027351
0.1,1480560181389.91,0.009745224143008716
0.1,1515134292476.0513,0.009972795076169586
0.1,1550515779832.622,0.010205680256479598
0.1,1586723497348.3147,0.010444003782488463
0.1,1623776739188.7244,0.01068789265070111
0.1,1661695250077.6907,0.010937476823250716
0.1,1700499235818.794,0.011192889297152429
0.1,1740209374062.4849,0.011454266175173923
0.1,1780846825324.6812,0.011721746738361108
0.1,1822433244262.6646,0.01199547352025744
0.1,1864990791214.2942,0.0122755923828564
0.1,1908542144006.6897,0.012562252594327649
0.1,1953110510040.635,0.012855606908558035
0.1,1998719638657.2524,0.01315581164655051
0.1,2045393833793.3904,0.013463026779723409
0.1,2093157966932.5737,0.013777416015155149
0.1,2142037490358.3833,0.014099146882819562
0.1,2192058450717.3235,0.014428390824858316
0.1,2243247502898.4155,0.014765323286938045
0.1,2295631924236.905,0.015110123811740856
0.1,2349239629049.6626,0.015462976134638083
0.1,2404099183509.974,0.015824068281597922
0.1,2460239820869.778,0.01619359266938002
0.1,2517691457037.277,0.01657174620806918
0.1,2576484706518.3745,0.016958730406003816
0.1,2636650898730.3555,0.01735475147715451
0.1,2698222094696.533,0.017760020451010224
0.1,2761231104130.759,0.018174753285030543
0.1,2825711502920.8325,0.018599170979723613
0.1,2891697651020.3022,0.019033499696412062
0.1,2959224710757.9575,0.019477970877748316
0.1,3028328665574.9453,0.019932821371044504
0.1,3099046339199.427,0.020398293554482357
0.1,3171415415268.9956,0.020874635466270317
0.1,3245474457411.3257,0.02136210093681674
0.1,3321262929793.741,0.021860949723989657
0.1,3398821218152.674,0.022371447651535134
0.1,3478190651314.1333,0.02289386675072761
0.1,3559413523216.8623,0.023428485405328946
0.1,3642533115449.6377,0.023975588499931595
0.1,3727593720314.938,0.02453546757176647
0.1,3814640664431.174,0.02510842096605559
0.1,3903720332886.0845,0.02569475399499269
0.1,3994880193954.178,0.026294779100436313
0.1,4088168824391.298,0.026908816020401686
0.1,4183635935320.0234,0.027537191959441543
0.1,4281332398719.396,0.028180241763004647
0.1,4381310274533.306,0.028838308095866436
0.1,4483622838411.906,0.029511741624726334
0.1,4588324610100.84,0.030200901205069033
0.1,4695471382493.421,0.03090615407238943
0.1,4805120251361.232,0.03162787603788297
0.1,4917329645779.026,0.032366451688705965
0.1,5032159359259.998,0.033122274592911734
0.1,5149670581618.343,0.03389574750917371
0.1,5269925931575.656,0.03468728260140468
0.1,5392989490128.87,0.03549730165838857
0.1,5518926834697.374,0.03632623631854081
0.1,5647805074067.546,0.037174528299917485
0.1,5779692884153.325,0.038042629635595654
0.1,5914660544591.758,0.03893100291454961
0.1,6052779976193.3545,0.03984012152815363
0.1,6194124779266.76,0.040770469922439545
0.1,6338770272838.487,0.04172254385624568
0.1,6486793534788.508,0.04269685066539412
0.1,6638273442923.075,0.04369390953303698
0.1,6793290717006.6875,0.04471425176631576
0.1,6951927961775.591,0.0457584210794814
0.1,7114269710955.745,0.046826973883625785
0.1,7280402472308.576,0.04792047958317826
0.1,7450414773728.917,0.04903952087932781
0.1,7624397210419.138,0.050184694080528815
0.1,7802442493165.045,0.05135660942025879
0.1,7984645497739.078,0.05255589138219613
0.1,8171103315457.187,0.05378317903299153
0.1,8361915304916.334,0.0550391263628104
0.1,8557183144940.02,0.05632440263382667
0.1,8757010888760.518,0.057639692736856686
0.1,8961505019466.049,0.05898569755631921
0.1,9170774506742.932,0.060363134343718976
0.1,9384930864942.72,0.06177273709985158
0.1,9604088212505.37,0.06321525696593382
0.1,9828363332770.01,0.06469146262386753
0.1,10057875736205.814,0.06620214070585058
0.1,10292747724096.098,0.06774809621355314
0.1,10533104453709.38,0.06933015294708157
0.1,10779074004992.736,0.0709491539439619
0.1,11030787448822.15,0.07260596192837186
0.1,11288378916846.883,0.0743014597708649
0.1,11551985672964.781,0.07603655095882912
0.1,11821748186466.7,0.07781216007793272
0.1,12097810206889.037,0.07962923330481227
0.1,12380318840613.992,0.08148873891126475
0.1,12669424629259.076,0.08339166778021673
0.1,12965281629896.69,0.08533903393373922
0.1,13268047497147.244,0.08733187507339435
0.1,13577883567189.275,0.08937125313320006
0.1,13894954943731.36,0.09145825484550747
0.1,14219430585991.646,0.09359399232009274
0.1,14551483398731.908,0.09577960363677192
0.1,14891290324394.117,0.09801625345185487
0.1,15239032437388.303,0.10030513361875931
0.1,15594895040582.832,0.10264746382312132
0.1,15959067764047.309,0.10504449223273288
0.1,16331744666101.666,0.10749749616265913
0.1,16713124336724.857,0.11000778275588682
0.1,17103410003378.379,0.11257668967986718
0.1,17502809639301.049,0.11520558583932528
0.1,17911536074332.34,0.11789587210571233
0.1,18329807108324.375,0.12064898206369717
0.1,18757845627201.61,0.12346638277508479
0.1,19195879721731.11,0.1263495755605766
0.1,19644142809066.266,0.1293000967997857
0.1,20102873757128.832,0.13231951874993422
0.1,20572317011895.527,0.13540945038366914
0.1,21052722727657.027,0.1385715382464424
0.1,21544346900318.867,0.1418074673339133
0.1,22047451503814.766,0.14511896198983765
0.1,22562304629706.35,0.14850778682492946
0.1,23089180630041.926,0.15197574765717473
0.1,23628360263551.75,0.15552469247410597
0.1,24180130845257.18,0.15915651241754777
0.1,24744786399573.477,0.16287314279135762
0.1,25322627816988.0,0.16667656409270046
0.1,25913963014396.63,0.1705688030674023
0.1,26519107099185.406,0.1745519337899551
0.1,27138382537142.797,0.17862807876873546
0.1,27772119324293.547,0.1827994100770356
0.1,28420655162745.11,0.18706815051050546
0.1,29084335640640.45,0.19143657477162365
0.1,29763514416313.13,0.19590701068182825
0.1,30458553406742.777,0.20048184042195327
0.1,31169822980411.496,0.2051635018016324
0.1,31897702154663.246,0.2099544895583424
0.1,32642578797673.24,0.2148573566867895
0.1,33404849835132.44,0.21987471579933168
0.1,34184921461759.273,0.2250092405181738
0.1,34983209357750.33,0.23026366690007238
0.1,35800138910285.734,0.23564079489431006
0.1,36636145440207.234,0.24114348983471814
0.1,37491674433988.93,0.24677468396653554
0.1,38367181781126.484,0.2525373780089329
0.1,39263134017068.4,0.25843464275401545
0.1,40180008571820.91,0.2644696207031701
0.1,41118294024358.28,0.27064552774162437
0.1,42078490362973.984,0.27696565485210894
0.1,43061109251711.65,0.2834333698685382
0.1,44066674303017.77,0.2900521192706427
0.1,45095721356761.53,0.2968254300205113
0.1,46148798765769.44,0.30375691144201405
0.1,47226467688029.54,0.3108502571441254
0.1,48329302385717.516,0.3181092469891496
0.1,49457890531206.39,0.3255377491069134
0.1,50612833520222.14,0.3331397219559933
0.1,51794746792312.02,0.34091921643307693
0.1,53004260158796.836,0.34888037803158367
0.1,54242018138380.35,0.35702744905068623
0.1,55508680300598.1,0.36536477085593155
0.1,56804921617284.29,0.37389678619263805
0.1,58131432822247.13,0.38262804155332175
0.1,59488920779343.305,0.3915631896004063
0.1,60878108859147.555,0.4007069916455074
0.1,62299737324418.34,0.4100643201866137
0.1,63754563724564.93,0.41964016150451633
0.1,65243363299326.35,0.4294396183198724
0.1,66766929391875.7,0.4394679125123063
0.1,68326073871574.055,0.44973038790302716
0.1,69921627566593.75,0.4602325131024066
0.1,71554440706645.75,0.4709798844240632
0.1,73225383376045.27,0.4819782288669948
0.1,74935345977357.4,0.4932334071673496
0.1,76685239705870.25,0.5047514169214643
0.1,78475997035146.23,0.516538395781822
0.1,80308572213915.2,0.5286006247276609
0.1,82183941774568.06,0.540944531411941
0.1,84103105053526.05,0.5535766935864765
0.1,86067084723761.58,0.566503842607052
0.1,88076927339754.52,0.5797328670203893
0.1,90133703895174.2,0.5932708162348777
0.1,92238510393584.58,0.6071249042770229
0.1,94392468432476.83,0.6213025136356205
0.1,96596725800938.42,0.635811199195684
0.1,98852457091282.8,0.6506586922642652
0.1,101160864324958.08,0.6658529046902606
0.1,103523177593073.78,0.6814019330804333
0.1,105940655711885.0,0.6973140631138899
0.1,108414586893583.72,0.7135977739573083
0.1,110946289432752.4,0.7302617427832575
0.1,113537112408852.0,0.7473148493940575
0.1,116188436405110.14,0.7647661809535874
0.1,118901674244198.98,0.7826250368296054
0.1,121678271741092.3,0.8009009335491433
0.1,124519708473503.19,0.8196036098696204
0.1,127427498570313.2,0.8387430319683781
0.1,130403191518412.89,0.8583293987534003
0.1,133448372988383.56,0.8783731472980505
0.1,136564665679460.69,0.8988849584027209
0.1,139753730184229.25,0.9198757622863614
0.1,143017265873508.78,0.941356744410898
0.1,146357011801907.97,0.9633393514417024
0.1,149774747634520.0,0.9858352973472106
0.1,153272294595261.2,1.0088565696410017
0.1,156851516437355.1,1.0324154357696402
0.1,160514320436476.47,1.0565244496496684
0.1,164262658407093.34,1.0811964583572915
0.1,168098527742536.53,1.106444608974239
0.1,172023972479359.9,1.1322823555935122
0.1,176041084386555.25,1.1587234664887256
0.1,180152004080202.38,1.1857820314508678
0.1,184358922164148.6,1.2134724692963903
0.1,188664080397325.44,1.241809535550625
0.1,193069772888324.56,1.2708083303106268
0.1,197578347317869.53,1.3004843062916276
0.1,202192206189835.56,1.3308532770613994
0.1,206913808111479.03,1.361931425466877
0.1,211745669103571.2,1.3937353122576146
0.1,216690363941118.1,1.4262818849105654
0.1,221750527525392.94,1.459588486660962
0.1,226928856288008.56,1.4936728657440896
0.1,232228109627772.94,1.5285531848528415
0.1,237651111381107.75,1.564248030816188
0.1,243200751326794.97,1.6007764245035998
0.1,248879986725866.72,1.6381578309607876
0.1,254691843897454.0,1.676412169782125
0.1,260639419831434.72,1.715559825725293
0.1,266725883838740.25,1.755621659573793
0.1,272954479240200.2,1.7966190192531257
0.1,279328525094824.75,1.8385737512065536
0.1,285851417968446.56,1.8815082120365103
0.1,292526633743664.75,1.9254452804178714
0.1,299357729472049.0,1.9704083692893817
0.1,306348345269608.4,2.0164214383298575
0.1,313502206256511.25,2.0635090067256567
0.1,320823124542107.4,2.111696166236329
0.1,328315001256305.4,2.161008594565387
0.1,335981828628378.75,2.211472569043256
0.1,343827692114331.4,2.2631149806298474
0.1,351856772573926.6,2.3159633482440247
0.1,360073348498562.0,2.3700458334277417
0.1,368481798291167.6,2.425391255352605
0.1,377086602599345.1,2.482029106176876
0.1,385892346702989.9,2.539989566761082
0.1,394903722957669.3,2.59930352275063
0.1,404125533295059.25,2.6600025810339702
0.1,413562691781769.75,2.7221190865851024
0.1,423220227237928.0,2.7856861396993926
0.1,433103285916900.1,2.8507376136318308
0.1,443217134247608.5,2.9173081726472843
0.1,453567161640870.25,2.985433290492158
0.1,464158883361277.25,3.0551492692974516
0.1,474997943466142.2,3.12649325892325
0.1,486090117813064.0,3.199503276754884
0.1,497441317137746.2,3.2742182279614944
0.1,509057590203668.6,3.35067792622755
0.1,520945127025321.1,3.428923114968557
0.1,533110262166703.25,3.508995489042178
0.1,545559478116851.5,3.590937716966356
0.1,558299408744191.44,3.6747934636562722
0.1,571336842831556.8,3.7606074136922674
0.1,584678727693757.8,3.848425295131105
0.1,598332172879627.0,3.9382939038732836
0.1,612304453960519.0,4.030261128599391
0.1,626603016407265.6,4.1243759762886905
0.1,641235479557691.6,4.220688598333782
0.1,656209640676755.4,4.319250317264929
0.1,671533479111513.5,4.420113654098546
0.1,687215160543113.5,4.523332356324304
0.1,703263041338065.8,4.628961426545739
0.1,719685673001152.9,4.7370571517898235
0.1,736491806732297.2,4.84767713350082
0.1,753690398089854.1,4.960880318234629
0.1,771290611762799.2,5.076727029069903
0.1,789301826454356.6,5.195278997752662
0.1,807733639879670.2,5.316599397591577
0.1,826595873880179.6,5.440752877121386
0.1,845898579657428.2,5.567805594552464
0.1,865652043129091.9,5.697825253024827
0.1,885866790410083.1,5.830881136685429
0.1,906553593421635.8,5.967044147607818
0.1,927723475631405.9,6.106386843574172
0.1,949387717927582.0,6.24898347673939
0.1,971557864630184.8,6.394910033198192
0.1,994245729642743.9,6.544244273476188
0.1,1017463402747608.4,6.6970657739663615
0.1,1041223256048306.5,6.853455969333456
0.1,1065537950562306.4,7.013498195908312
0.1,1090420442967752.8,7.177277736095694
0.1,1115883992507748.1,7.344881863819098
0.1,1141942168055864.8,7.516399891026794
0.1,1168608855346649.8,7.6919232152838735
0.1,1195898264374976.8,7.871545368475671
0.1,1223824936968189.8,8.055362066648513
0.1,1252403754535069.2,8.243471261014351
0.1,1281649945995759.8,8.435973190146484
0.1,1311579095896850.2,8.632970433393986
0.1,1342207152716012.0,8.834567965543835
0.1,1373550437360512.2,9.040873212759136
0.1,1405625651864213.5,9.251996109823821
0.1,1438449888287665.8,9.468049158724108
0.1,1472040637826004.2,9.689147488597785
0.1,1506415800129594.2,9.915408917083795
0.1,1541593692842273.2,10.1469540131041
0.1,1577593061362361.2,10.383906161111815
0.1,1614433088831602.0,10.626391626839604
0.1,1652133406357368.5,10.874539624583464
0.1,1690714103473578.2,11.12848238605773
0.1,1730195738845891.0,11.388355230857954
0.1,1770599351226894.2,11.654296638569246
0.1,1811946470667118.5,11.926448322558524
0.1,1854259129987854.2,12.20495530548997
0.1,1897559876521850.2,12.489965996603695
0.1,1941871784128254.8,12.781632270799529
0.1,1987218465488053.2,13.080109549567066
0.1,2033624084686670.2,13.385556883805846
0.1,2081113370090399.2,13.698137038579556
0.1,2129711627523482.5,14.018016579849153
0.1,2179444753752988.0,14.345365963231927
0.1,2230339250288498.8,14.680359624832716
0.1,2282422237504097.5,15.023176074196487
0.1,2335721469090121.5,15.373997989431517
0.1,2390265346842389.0,15.733012314553863
0.1,2446082935796795.5,16.10041035910506
0.1,2503203979717320.5,16.476387900096054
0.1,2561658916945721.5,16.86114528633178
0.1,2621478896621347.5,17.254887545171897
0.1,2682695795279727.0,17.65782449178471
0.1,2745342233838714.0,18.070170840951974
0.1,2809451594981406.0,18.492146321485375
0.1,2875058040944877.0,18.923975793314078
0.1,2942196531724371.0,19.36588936730691
0.1,3010902843702598.5,19.818122527892623
0.1,3081213588714008.5,20.280916258543193
0.1,3153166233554367.5,20.754517170188226
0.1,3226799119945812.0,21.239177632627307
0.1,3302151484968175.5,21.735155909011436
0.1,3379263481967431.5,22.242716293464913
0.1,3458176201952377.5,22.76212925192084
0.1,3538931695490984.0,23.293671566245553
0.1,3621572995118067.0,23.83762648172857
0.1,3706144138266220.5,24.39428385801673
0.1,3792690190732238.0,24.963940323573006
0.1,3881257270691540.0,25.54689943374232
0.1,3971892573273302.0,26.143471832507966
0.1,4064644395709627.5,26.753975418026517
0.1,4159562163071843.0,27.37873551202715
0.1,4256696454607867.0,28.01808503316736
0.1,4356099030694617.0,28.67236467443697
0.1,4457822860419716.0,29.34192308470417
0.1,4561922149807468.0,30.027117054502284
0.1,4668452370703794.0,30.728311706153885
0.1,4777470290335773.0,31.4458806883352
0.1,4889034001561442.0,32.18020637518394
0.1,5003202953825999.0,32.93168007005671
0.1,5120037984840882.0,33.70070221404449
0.1,5239601353002633.0,34.487682599357505
0.1,5361956770568805.0,35.29304058769297
0.1,5487169437608587.0,36.1172053337022
0.1,5615306076746278.0,36.960616013676294
0.1,5746434968715974.0,37.82372205957132
0.1,5880625988746757.0,38.7069833985
0.1,6017950643797328.0,39.61087069781454
0.1,6158482110660254.0,40.53586561591328
0.1,6302295274956036.0,41.48246105890436
0.1,6449466771037634.0,42.45116144326205
0.1,6600075022827102.0,43.44248296461839
0.1,6754200285605594.0,44.45695387282997
0.1,6911924688779366.0,45.495114753468904
0.1,7073332279644438.0,46.557518815887036
0.1,7238509068173247.0,47.64473218800708
0.1,7407543072847155.0,48.75733421799765
0.1,7580524367559245.0,49.89591778299305
0.1,7757545129612397.0,51.0610896050224
0.1,7938699688838207.0,52.253470574316175
0.1,8124084577862974.0,53.47369608016299
0.1,8313798583547334.0,54.72241634949139
0.1,8507942799627444.0,56.00029679336044
0.1,8706620680585118.0,57.3080183615394
0.1,8909938096776098.0,58.646277905368564
0.1,9118003390845700.0,60.015788549093834
0.1,9330927435461682.0,61.41728006987132
0.1,9548823692395676.0,62.85149928664841
0.1,9771808272983908.0,64.31921045812348
0.1,1e+16,65.82119569
0.3,1000000000000.0,0.0021940398563333333
0.3,1023352047097.2576,0.00224527517839169
0.3,1047249412298.1476,0.0022977069501037956
0.3,1071704829896.7094,0.002351363111018316
0.3,1096731331558.8157,0.0024062722531295695
0.3,1122342253266.4197,0.0024624636361134855
0.3,1148551242423.9392,0.0025199672029192913
0.3,1175372265130.6365,0.0025788135957254066
0.3,1202819613622.7776,0.0026390341722678347
0.3,1230907913889.6018,0.002700661022549905
0.3,1259652133467.1387,0.002763726985942218
0.3,1289067589414.0244,0.0028282656686819028
0.3,1319169956473.5742,0.0028943114617805306
0.3,1349975275426.4324,0.002961899559350162
0.3,1381499961638.3237,0.0030310659773574535
0.3,1413760813807.3613,0.0031018475728155997
0.3,1446775022915.648,0.0031742820634245036
0.3,1480560181389.91,0.0032484080476695722
0.3,1515134292476.0513,0.0033242650253898624
0.3,1550515779832.622,0.003401893418826533
0.3,1586723497348.3147,0.0034813345941628214
0.3,1623776739188.7244,0.0035626308835670375
0.3,1661695250077.6907,0.0036458256077502387
0.3,1700499235818.794,0.00373096309905081
0.3,1740209374062.4849,0.003818088725057975
0.3,1780846825324.6812,0.003907248912787036
0.3,1822433244262.6646,0.003998491173419147
0.3,1864990791214.2942,0.0040918641276188
0.3,1908542144006.6897,0.00418741753144255
0.3,1953110510040.635,0.004285202302852679
0.3,1998719638657.2524,0.00438527054885017
0.3,2045393833793.3904,0.004487675593241137
0.3,2093157966932.5737,0.004592472005051717
0.3,2142037490358.3833,0.004699715627606522
0.3,2192058450717.3235,0.004809463608286106
0.3,2243247502898.4155,0.004921774428979349
0.3,2295631924236.905,0.0050367079372469524
0.3,2349239629049.6626,0.005154325378212695
0.3,2404099183509.974,0.005274689427199308
0.3,2460239820869.778,0.005397864223126674
0.3,2517691457037.277,0.005523915402689729
0.3,2576484706518.3745,0.005652910135334606
0.3,2636650898730.3555,0.005784917159051503
0.3,2698222094696.533,0.005920006817003408
0.3,2761231104130.759,0.006058251095010182
0.3,2825711502920.8325,0.006199723659907871
0.3,2891697651020.3022,0.006344499898804022
0.3,2959224710757.9575,0.006492656959249439
0.3,3028328665574.9453,0.006644273790348169
0.3,3099046339199.427,0.006799431184827454
0.3,3171415415268.9956,0.006958211822090106
0.3,3245474457411.3257,0.007120700312272248
0.3,3321262929793.741,0.007286983241329887
0.3,3398821218152.674,0.007457149217178378
0.3,3478190651314.1333,0.007631288916909204
0.3,3559413523216.8623,0.00780949513510965
0.3,3642533115449.6377,0.007991862833310532
0.3,3727593720314.938,0.008178489190588823
0.3,3814640664431.174,0.008369473655351864
0.3,3903720332886.0845,0.008564917998330897
0.3,3994880193954.178,0.008764926366812106
0.3,4088168824391.298,0.008969605340133895
0.3,4183635935320.0234,0.009179063986480515
0.3,4281332398719.396,0.009393413921001549
0.3,4381310274533.306,0.009612769365288813
0.3,4483622838411.906,0.009837247208242111
0.3,4588324610100.84,0.010066967068356346
0.3,4695471382493.421,0.010302051357463144
0.3,4805120251361.232,0.01054262534596099
0.3,4917329645779.026,0.010788817229568657
0.3,5032159359259.998,0.011040758197637246
0.3,5149670581618.343,0.011298582503057902
0.3,5269925931575.656,0.011562427533801562
0.3,5392989490128.87,0.011832433886129524
0.3,5518926834697.374,0.012108745439513605
0.3,5647805074067.546,0.01239150943330583
0.3,5779692884153.325,0.012680876545198552
0.3,5914660544591.758,0.012977000971516536
0.3,6052779976193.3545,0.013280040509384545
0.3,6194124779266.76,0.013590156640813183
0.3,6338770272838.487,0.01390751461874856
0.3,6486793534788.508,0.014232283555131375
0.3,6638273442923.075,0.014564636511012327
0.3,6793290717006.6875,0.01490475058877192
0.3,6951927961775.591,0.0152528070264938
0.3,7114269710955.745,0.01560899129454193
0.3,7280402472308.576,0.015973493194392754
0.3,7450414773728.917,0.01634650695977594
0.3,7624397210419.138,0.016728231360176274
0.3,7802442493165.045,0.017118869806752934
0.3,7984645497739.078,0.017518630460732047
0.3,8171103315457.187,0.01792772634433051
0.3,8361915304916.334,0.018346375454270137
0.3,8557183144940.02,0.018774800877942224
0.3,8757010888760.518,0.019213230912285564
0.3,8961505019466.049,0.019661899185439737
0.3,9170774506742.932,0.02012104478123966
0.3,9384930864942.72,0.020590912366617194
0.3,9604088212505.37,0.021071752321977943
0.3,9828363332770.01,0.021563820874622514
0.3,10057875736205.814,0.022067380235283526
0.3,10292747724096.098,0.02258269873785105
0.3,10533104453709.38,0.023110050982360523
0.3,10779074004992.736,0.023649717981320633
0.3,11030787448822.15,0.02420198730945729
0.3,11288378916846.883,0.024767153256954968
0.3,11551985672964.781,0.025345516986276375
0.3,11821748186466.7,0.025937386692644244
0.3,12097810206889.037,0.02654307776827076
0.3,12380318840613.992,0.027162912970421588
0.3,12669424629259.076,0.027797222593405578
0.3,12965281629896.69,0.028446344644579742
0.3,13268047497147.244,0.02911062502446479
0.3,13577883567189.275,0.029790417711066688
0.3,13894954943731.36,0.030486084948502495
0.3,14219430585991.646,0.03119799744003092
0.3,14551483398731.908,0.03192653454559064
0.3,14891290324394.117,0.032672084483951626
0.3,15239032437388.303,0.03343504453958644
0.3,15594895040582.832,0.034215821274373774
0.3,15959067764047.309,0.035014830744244295
0.3,16331744666101.666,0.03583249872088638
0.3,16713124336724.857,0.036669260918628946
0.3,17103410003378.379,0.0375255632266224
0.3,17502809639301.049,0.03840186194644176
0.3,17911536074332.34,0.03929862403523744
0.3,18329807108324.375,0.04021632735456573
0.3,18757845627201.61,0.04115546092502827
0.3,19195879721731.11,0.04211652518685888
0.3,19644142809066.266,0.043100032266595235
0.3,20102873757128.832,0.044106506249978084
0.3,20572317011895.527,0.04513648346122306
0.3,21052722727657.027,0.04619051274881413
0.3,21544346900318.867,0.047269155777971104
0.3,22047451503814.766,0.04837298732994588
0.3,22562304629706.35,0.04950259560830983
0.3,23089180630041.926,0.05065858255239158
0.3,23628360263551.75,0.05184156415803533
0.3,24180130845257.18,0.053052170805849265
0.3,24744786399573.477,0.05429104759711922
0.3,25322627816988.0,0.05555885469756683
0.3,25913963014396.63,0.056856267689134106
0.3,26519107099185.406,0.05818397792998503
0.3,27138382537142.797,0.059542692922911825
0.3,27772119324293.547,0.06093313669234521
0.3,28420655162745.11,0.062356050170168494
0.3,29084335640640.45,0.06381219159054123
0.3,29763514416313.13,0.06530233689394276
0.3,30458553406742.777,0.06682728014065109
0.3,31169822980411.496,0.06838783393387747
0.3,31897702154663.246,0.0699848298527808
0.3,32642578797673.24,0.07161911889559651
0.3,33404849835132.44,0.07329157193311056
0.3,34184921461759.273,0.07500308017272461
0.3,34983209357750.33,0.07675455563335747
0.3,35800138910285.734,0.0785469316314367
0.3,36636145440207.234,0.08038116327823938
0.3,37491674433988.93,0.08225822798884519
0.3,38367181781126.484,0.08417912600297764
0.3,39263134017068.4,0.08614488091800517
0.3,40180008571820.91,0.08815654023439005
0.3,41118294024358.28,0.0902151759138748
0.3,42078490362973.984,0.092321884950703
0.3,43061109251711.65,0.0944777899561794
0.3,44066674303017.77,0.0966840397568809
0.3,45095721356761.53,0.0989418100068371
0.3,46148798765769.44,0.1012523038140047
0.3,47226467688029.54,0.10361675238137515
0.3,48329302385717.516,0.10603641566304989
0.3,49457890531206.39,0.10851258303563781
0.3,50612833520222.14,0.11104657398533112
0.3,51794746792312.02,0.11363973881102565
0.3,53004260158796.836,0.11629345934386123
0.3,54242018138380.35,0.11900914968356209
0.3,55508680300598.1,0.12178825695197719
0.3,56804921617284.29,0.1246322620642127
0.3,58131432822247.13,0.12754268051777393
0.3,59488920779343.305,0.13052106320013546
0.3,60878108859147.555,0.13356899721516916
0.3,62299737324418.34,0.13668810672887124
0.3,63754563724564.93,0.13988005383483879
0.3,65243363299326.35,0.14314653943995748
0.3,66766929391875.7,0.14648930417076877
0.3,68326073871574.055,0.14991012930100908
0.3,69921627566593.75,0.15341083770080222
0.3,71554440706645.75,0.15699329480802107
0.3,73225383376045.27,0.16065940962233163
0.3,74935345977357.4,0.1644111357224499
0.3,76685239705870.25,0.1682504723071548
0.3,78475997035146.23,0.17217946526060735
0.3,80308572213915.2,0.17620020824255367
0.3,82183941774568.06,0.18031484380398036
0.3,84103105053526.05,0.18452556452882554
0.3,86067084723761.58,0.1888346142023507
0.3,88076927339754.52,0.19324428900679644
0.3,90133703895174.2,0.19775693874495923
0.3,92238510393584.58,0.202374968092341
0.3,94392468432476.83,0.2071008378785402
0.3,96596725800938.42,0.21193706639856133
0.3,98852457091282.8,0.2168862307547551
0.3,101160864324958.08,0.22195096823008686
0.3,103523177593073.78,0.22713397769347776
0.3,105940655711885.0,0.23243802103796332
0.3,108414586893583.72,0.23786592465243614
0.3,110946289432752.4,0.2434205809277525
0.3,113537112408852.0,0.24910494979801917
0.3,116188436405110.14,0.2549220603178625
0.3,118901674244198.98,0.26087501227653515
0.3,121678271741092.3,0.26696697784971446
0.3,124519708473503.19,0.2732012032898735
0.3,127427498570313.2,0.27958101065612606
0.3,130403191518412.89,0.2861097995844668
0.3,133448372988383.56,0.29279104909935016
0.3,136564665679460.69,0.2996283194675736
0.3,139753730184229.25,0.3066252540954538
0.3,143017265873508.78,0.3137855814702994
0.3,146357011801907.97,0.3211131171472342
0.3,149774747634520.0,0.3286117657824036
0.3,153272294595261.2,0.3362855232136672
0.3,156851516437355.1,0.3441384785898801
0.3,160514320436476.47,0.35217481654988947
0.3,164262658407093.34,0.3603988194524305
0.3,168098527742536.53,0.36881486965807975
0.3,172023972479359.9,0.3774274518645041
0.3,176041084386555.25,0.3862411554962419
0.3,180152004080202.38,0.39526067715028934
0.3,184358922164148.6,0.4044908230987968
0.3,188664080397325.44,0.41393651185020836
0.3,193069772888324.56,0.42360277677020897
0.3,197578347317869.53,0.43349476876387594
0.3,202192206189835.56,0.4436177590204665
0.3,206913808111479.03,0.4539771418222924
0.3,211745669103571.2,0.4645784374192049
0.3,216690363941118.1,0.4754272949701885
0.3,221750527525392.94,0.48652949555365405
0.3,226928856288008.56,0.49789095524802995
0.3,232228109627772.94,0.5095177282842805
0.3,237651111381107.75,0.5214160102720626
0.3,243200751326794.97,0.5335921415012
0.3,248879986725866.72,0.5460526103202626
0.3,254691843897454.0,0.5588040565940418
0.3,260639419831434.72,0.5718532752417644
0.3,266725883838740.25,0.585207219857931
0.3,272954479240200.2,0.5988730064177087
0.3,279328525094824.75,0.6128579170688513
0.3,285851417968446.56,0.6271694040121701
0.3,292526633743664.75,0.6418150934726239
0.3,299357729472049.0,0.6568027897631272
0.3,306348345269608.4,0.672140479443286
0.3,313502206256511.25,0.6878363355752191
0.3,320823124542107.4,0.7038987220787765
0.3,328315001256305.4,0.7203361981884625
0.3,335981828628378.75,0.7371575230144188
0.3,343827692114331.4,0.7543716602099492
0.3,351856772573926.6,0.7719877827480084
0.3,360073348498562.0,0.7900152778092473
0.3,368481798291167.6,0.8084637517842018
0.3,377086602599345.1,0.827343035392292
0.3,385892346702989.9,0.8466631889203607
0.3,394903722957669.3,0.8664345075835433
0.3,404125533295059.25,0.8866675270113236
0.3,413562691781769.75,0.9073730288617009
0.3,423220227237928.0,0.9285620465664642
0.3,433103285916900.1,0.9502458712106103
0.3,443217134247608.5,0.9724360575490948
0.3,453567161640870.25,0.9951444301640527
0.3,464158883361277.25,1.0183830897658173
0.3,474997943466142.2,1.0421644196410835
0.3,486090117813064.0,1.066501092251628
0.3,497441317137746.2,1.0914060759871649
0.3,509057590203668.6,1.11689264207585
0.3,520945127025321.1,1.1429743716561858
0.3,533110262166703.25,1.1696651630140595
0.3,545559478116851.5,1.1969792389887854
0.3,558299408744191.44,1.224931154552091
0.3,571336842831556.8,1.2535358045640892
0.3,584678727693757.8,1.2828084317103685
0.3,598332172879627.0,1.312764634624428
0.3,612304453960519.0,1.3434203761997974
0.3,626603016407265.6,1.3747919920962304
0.3,641235479557691.6,1.4068961994445939
0.3,656209640676755.4,1.4397501057549766
0.3,671533479111513.5,1.4733712180328487
0.3,687215160543113.5,1.5077774521081015
0.3,703263041338065.8,1.5429871421819128
0.3,719685673001152.9,1.579019050596608
0.3,736491806732297.2,1.6158923778336067
0.3,753690398089854.1,1.6536267727448766
0.3,771290611762799.2,1.6922423430233011
0.3,789301826454356.6,1.7317596659175543
0.3,807733639879670.2,1.7721997991971925
0.3,826595873880179.6,1.8135842923737955
0.3,845898579657428.2,1.8559351981841548
0.3,865652043129091.9,1.8992750843416093
0.3,885866790410083.1,1.9436270455618099
0.3,906553593421635.8,1.9890147158692728
0.3,927723475631405.9,2.035462281191391
0.3,949387717927582.0,2.0829944922464634
0.3,971557864630184.8,2.1316366777327307
0.3,994245729642743.9,2.1814147578253964
0.3,1017463402747608.4,2.2323552579887873
0.3,1041223256048306.5,2.284485323111152
0.3,1065537950562306.4,2.3378327319694376
0.3,1090420442967752.8,2.3924259120318982
0.3,1115883992507748.1,2.448293954606366
0.3,1141942168055864.8,2.5054666303422652
0.3,1168608855346649.8,2.5639744050946245
0.3,1195898264374976.8,2.623848456158557
0.3,1223824936968189.8,2.685120688882838
0.3,1252403754535069.2,2.747823753671451
0.3,1281649945995759.8,2.8119910633821616
0.3,1311579095896850.2,2.8776568111313288
0.3,1342207152716012.0,2.9448559885146115
0.3,1373550437360512.2,3.013624404253046
0.3,1405625651864213.5,3.0839987032746072
0.3,1438449888287665.8,3.1560163862413697
0.3,1472040637826004.2,3.229715829532595
0.3,1506415800129594.2,3.3051363056945986
0.3,1541593692842273.2,3.382318004368034
0.3,1577593061362361.2,3.4613020537039385
0.3,1614433088831602.0,3.5421305422798683
0.3,1652133406357368.5,3.624846541527822
0.3,1690714103473578.2,3.70949412868591
0.3,1730195738845891.0,3.7961184102859846
0.3,1770599351226894.2,3.884765546189749
0.3,1811946470667118.5,3.975482774186175
0.3,1854259129987854.2,4.068318435163324
0.3,1897559876521850.2,4.163321998867898
0.3,1941871784128254.8,4.26054409026651
0.3,1987218465488053.2,4.360036516522356
0.3,2033624084686670.2,4.461852294601949
0.3,2081113370090399.2,4.566045679526519
0.3,2129711627523482.5,4.672672193283051
0.3,2179444753752988.0,4.781788654410643
0.3,2230339250288498.8,4.893453208277573
0.3,2282422237504097.5,5.007725358065496
0.3,2335721469090121.5,5.124665996477173
0.3,2390265346842389.0,5.244337438184621
0.3,2446082935796795.5,5.36680345303502
0.3,2503203979717320.5,5.492129300032018
0.3,2561658916945721.5,5.620381762110593
0.3,2621478896621347.5,5.751629181723967
0.3,2682695795279727.0,5.8859414972615705
0.3,2745342233838714.0,6.023390280317325
0.3,2809451594981406.0,6.164048773828459
0.3,2875058040944877.0,6.307991931104693
0.3,2942196531724371.0,6.455296455768971
0.3,3010902843702598.5,6.6060408426308745
0.3,3081213588714008.5,6.760305419514398
0.3,3153166233554367.5,6.918172390062742
0.3,3226799119945812.0,7.079725877542437
0.3,3302151484968175.5,7.245051969670479
0.3,3379263481967431.5,7.414238764488305
0.3,3458176201952377.5,7.587376417306947
0.3,3538931695490984.0,7.764557188748519
0.3,3621572995118067.0,7.945875493909524
0.3,3706144138266220.5,8.131427952672244
0.3,3792690190732238.0,8.321313441191004
0.3,3881257270691540.0,8.515633144580773
0.3,3971892573273302.0,8.71449061083599
0.3,4064644395709627.5,8.91799180600884
0.3,4159562163071843.0,9.126245170675718
0.3,4256696454607867.0,9.339361677722454
0.3,4356099030694617.0,9.557454891478992
0.3,4457822860419716.0,9.780641028234724
0.3,4561922149807468.0,10.00903901816743
0.3,4668452370703794.0,10.242770568717964
0.3,4777470290335773.0,10.481960229445068
0.3,4889034001561442.0,10.72673545839465
0.3,5003202953825999.0,10.977226690018904
0.3,5120037984840882.0,11.2335674046815
0.3,5239601353002633.0,11.495894199785837
0.3,5361956770568805.0,11.764346862564325
0.3,5487169437608587.0,12.039068444567402
0.3,5615306076746278.0,12.320205337892098
0.3,5746434968715974.0,12.60790735319044
0.3,5880625988746757.0,12.902327799500002
0.3,6017950643797328.0,13.203623565938182
0.3,6158482110660254.0,13.511955205304428
0.3,6302295274956036.0,13.827487019634788
0.3,6449466771037634.0,14.150387147754019
0.3,6600075022827102.0,14.4808276548728
0.3,6754200285605594.0,14.81898462427666
0.3,6911924688779366.0,15.165038251156302
0.3,7073332279644438.0,15.519172938629014
0.3,7238509068173247.0,15.881577396002363
0.3,7407543072847155.0,16.252444739332553
0.3,7580524367559245.0,16.63197259433102
0.3,7757545129612397.0,17.020363201674137
0.3,7938699688838207.0,17.41782352477206
0.3,8124084577862974.0,17.824565360054333
0.3,8313798583547334.0,18.240805449830464
0.3,8507942799627444.0,18.666765597786817
0.3,8706620680585118.0,19.102672787179802
0.3,8909938096776098.0,19.548759301789524
0.3,9118003390845700.0,20.005262849697946
0.3,9330927435461682.0,20.472426689957107
0.3,9548823692395676.0,20.95049976221614
0.3,9771808272983908.0,21.43973681937449
0.3,1e+16,21.940398563333336
1.0,1000000000000.0,0.0006582119569
1.0,1023352047097.2576,0.0006735825535175069
1.0,1047249412298.1476,0.0006893120850311387
1.0,1071704829896.7094,0.0007054089333054948
1.0,1096731331558.8157,0.0007218816759388708
1.0,1122342253266.4197,0.0007387390908340456
1.0,1148551242423.9392,0.0007559901608757874
1.0,1175372265130.6365,0.0007736440787176219
1.0,1202819613622.7776,0.0007917102516803503
1.0,1230907913889.6018,0.0008101983067649715
1.0,1259652133467.1387,0.0008291180957826653
1.0,1289067589414.0244,0.0008484797006045707
1.0,1319169956473.5742,0.0008682934385341592
1.0,1349975275426.4324,0.0008885698678050486
1.0,1381499961638.3237,0.000909319793207236
1.0,1413760813807.3613,0.0009305542718446799
1.0,1446775022915.648,0.000952284619027351
1.0,1480560181389.91,0.0009745224143008716
1.0,1515134292476.0513,0.0009972795076169587
1.0,1550515779832.622,0.0010205680256479598
1.0,1586723497348.3147,0.0010444003782488463
1.0,1623776739188.7244,0.0010687892650701112
1.0,1661695250077.6907,0.0010937476823250716
1.0,1700499235818.794,0.001119288929715243
1.0,1740209374062.4849,0.0011454266175173924
1.0,1780846825324.6812,0.0011721746738361108
1.0,1822433244262.6646,0.001199547352025744
1.0,1864990791214.2942,0.00122755923828564
1.0,1908542144006.6897,0.001256225259432765
1.0,1953110510040.635,0.0012855606908558036
1.0,1998719638657.2524,0.001315581164655051
1.0,2045393833793.3904,0.001346302677972341
1.0,2093157966932.5737,0.001377741601515515
1.0,2142037490358.3833,0.0014099146882819563
1.0,2192058450717.3235,0.0014428390824858318
1.0,2243247502898.4155,0.0014765323286938046
1.0,2295631924236.905,0.0015110123811740857
1.0,2349239629049.6626,0.0015462976134638085
1.0,2404099183509.974,0.0015824068281597924
1.0,2460239820869.778,0.001619359266938002
1.0,2517691457037.277,0.0016571746208069184
1.0,2576484706518.3745,0.0016958730406003816
1.0,2636650898730.3555,0.001735475147715451
1.0,2698222094696.533,0.0017760020451010224
1.0,2761231104130.759,0.0018174753285030544
1.0,2825711502920.8325,0.0018599170979723613
1.0,2891697651020.3022,0.0019033499696412064
1.0,2959224710757.9575,0.0019477970877748317
1.0,3028328665574.9453,0.0019932821371044505
1.0,3099046339199.427,0.002039829355448236
1.0,3171415415268.9956,0.0020874635466270317
1.0,3245474457411.3257,0.0021362100936816743
1.0,3321262929793.741,0.002186094972398966
1.0,3398821218152.674,0.0022371447651535134
1.0,3478190651314.1333,0.002289386675072761
1.0,3559413523216.8623,0.0023428485405328947
1.0,3642533115449.6377,0.0023975588499931598
1.0,3727593720314.938,0.002453546757176647
1.0,3814640664431.174,0.002510842096605559
1.0,3903720332886.0845,0.002569475399499269
1.0,3994880193954.178,0.0026294779100436315
1.0,4088168824391.298,0.0026908816020401686
1.0,4183635935320.0234,0.0027537191959441545
1.0,4281332398719.396,0.002818024176300465
1.0,4381310274533.306,0.002883830809586644
1.0,4483622838411.906,0.0029511741624726334
1.0,4588324610100.84,0.0030200901205069035
1.0,4695471382493.421,0.003090615407238943
1.0,4805120251361.232,0.003162787603788297
1.0,4917329645779.026,0.003236645168870597
1.0,5032159359259.998,0.0033122274592911737
1.0,5149670581618.343,0.0033895747509173706
1.0,5269925931575.656,0.0034687282601404685
1.0,5392989490128.87,0.003549730165838857
1.0,5518926834697.374,0.0036326236318540814
1.0,5647805074067.546,0.003717452829991749
1.0,5779692884153.325,0.0038042629635595656
1.0,5914660544591.758,0.003893100291454961
1.0,6052779976193.3545,0.003984012152815363
1.0,6194124779266.76,0.0040770469922439545
1.0,6338770272838.487,0.004172254385624568
1.0,6486793534788.508,0.0042696850665394125
1.0,6638273442923.075,0.004369390953303698
1.0,6793290717006.6875,0.004471425176631576
1.0,6951927961775.591,0.00457584210794814
1.0,7114269710955.745,0.004682697388362579
1.0,7280402472308.576,0.004792047958317826
1.0,7450414773728.917,0.004903952087932781
1.0,7624397210419.138,0.005018469408052882
1.0,7802442493165.045,0.005135660942025879
1.0,7984645497739.078,0.0052555891382196135
1.0,8171103315457.187,0.005378317903299153
1.0,8361915304916.334,0.005503912636281041
1.0,8557183144940.02,0.005632440263382667
1.0,8757010888760.518,0.005763969273685669
1.0,8961505019466.049,0.005898569755631921
1.0,9170774506742.932,0.006036313434371898
1.0,9384930864942.72,0.006177273709985158
1.0,9604088212505.37,0.0063215256965933825
1.0,9828363332770.01,0.006469146262386754
1.0,10057875736205.814,0.006620214070585058
1.0,10292747724096.098,0.006774809621355314
1.0,10533104453709.38,0.006933015294708157
1.0,10779074004992.736,0.00709491539439619
1.0,11030787448822.15,0.0072605961928371866
1.0,11288378916846.883,0.00743014597708649
1.0,11551985672964.781,0.007603655095882913
1.0,11821748186466.7,0.007781216007793273
1.0,12097810206889.037,0.007962923330481228
1.0,12380318840613.992,0.008148873891126476
1.0,12669424629259.076,0.008339166778021673
1.0,12965281629896.69,0.008533903393373923
1.0,13268047497147.244,0.008733187507339436
1.0,13577883567189.275,0.008937125313320006
1.0,13894954943731.36,0.009145825484550748
1.0,14219430585991.646,0.009359399232009276
1.0,14551483398731.908,0.009577960363677192
1.0,14891290324394.117,0.009801625345185487
1.0,15239032437388.303,0.010030513361875932
1.0,15594895040582.832,0.010264746382312132
1.0,15959067764047.309,0.010504449223273288
1.0,16331744666101.666,0.010749749616265914
1.0,16713124336724.857,0.011000778275588683
1.0,17103410003378.379,0.011257668967986719
1.0,17502809639301.049,0.011520558583932528
1.0,17911536074332.34,0.011789587210571233
1.0,18329807108324.375,0.012064898206369717
1.0,18757845627201.61,0.01234663827750848
1.0,19195879721731.11,0.012634957556057662
1.0,19644142809066.266,0.012930009679978571
1.0,20102873757128.832,0.013231951874993424
1.0,20572317011895.527,0.013540945038366916
1.0,21052722727657.027,0.013857153824644239
1.0,21544346900318.867,0.014180746733391331
1.0,22047451503814.766,0.014511896198983765
1.0,22562304629706.35,0.014850778682492948
1.0,23089180630041.926,0.015197574765717472
1.0,23628360263551.75,0.015552469247410598
1.0,24180130845257.18,0.01591565124175478
1.0,24744786399573.477,0.016287314279135764
1.0,25322627816988.0,0.016667656409270048
1.0,25913963014396.63,0.01705688030674023
1.0,26519107099185.406,0.01745519337899551
1.0,27138382537142.797,0.017862807876873547
1.0,27772119324293.547,0.01827994100770356
1.0,28420655162745.11,0.018706815051050547
1.0,29084335640640.45,0.019143657477162367
1.0,29763514416313.13,0.019590701068182826
1.0,30458553406742.777,0.020048184042195327
1.0,31169822980411.496,0.02051635018016324
1.0,31897702154663.246,0.02099544895583424
1.0,32642578797673.24,0.02148573566867895
1.0,33404849835132.44,0.02198747157993317
1.0,34184921461759.273,0.022500924051817382
1.0,34983209357750.33,0.02302636669000724
1.0,35800138910285.734,0.023564079489431008
1.0,36636145440207.234,0.024114348983471815
1.0,37491674433988.93,0.024677468396653555
1.0,38367181781126.484,0.02525373780089329
1.0,39263134017068.4,0.02584346427540155
1.0,40180008571820.91,0.026446962070317014
1.0,41118294024358.28,0.02706455277416244
1.0,42078490362973.984,0.0276965654852109
1.0,43061109251711.65,0.02834333698685382
1.0,44066674303017.77,0.029005211927064272
1.0,45095721356761.53,0.029682543002051132
1.0,46148798765769.44,0.030375691144201408
1.0,47226467688029.54,0.031085025714412542
1.0,48329302385717.516,0.031810924698914965
1.0,49457890531206.39,0.03255377491069134
1.0,50612833520222.14,0.03331397219559933
1.0,51794746792312.02,0.034091921643307696
1.0,53004260158796.836,0.03488803780315837
1.0,54242018138380.35,0.035702744905068626
1.0,55508680300598.1,0.036536477085593155
1.0,56804921617284.29,0.03738967861926381
1.0,58131432822247.13,0.038262804155332175
1.0,59488920779343.305,0.03915631896004063
1.0,60878108859147.555,0.04007069916455074
1.0,62299737324418.34,0.04100643201866137
1.0,63754563724564.93,0.04196401615045164
1.0,65243363299326.35,0.04294396183198724
1.0,66766929391875.7,0.04394679125123063
1.0,68326073871574.055,0.04497303879030272
1.0,69921627566593.75,0.04602325131024066
1.0,71554440706645.75,0.04709798844240632
1.0,73225383376045.27,0.048197822886699486
1.0,74935345977357.4,0.04932334071673496
1.0,76685239705870.25,0.05047514169214644
1.0,78475997035146.23,0.051653839578182204
1.0,80308572213915.2,0.052860062472766096
1.0,82183941774568.06,0.054094453141194106
1.0,84103105053526.05,0.05535766935864766
1.0,86067084723761.58,0.056650384260705205
1.0,88076927339754.52,0.05797328670203893
1.0,90133703895174.2,0.059327081623487765
1.0,92238510393584.58,0.0607124904277023
1.0,94392468432476.83,0.06213025136356205
1.0,96596725800938.42,0.0635811199195684
1.0,98852457091282.8,0.06506586922642653
1.0,101160864324958.08,0.06658529046902606
1.0,103523177593073.78,0.06814019330804333
1.0,105940655711885.0,0.069731406311389
1.0,108414586893583.72,0.07135977739573084
1.0,110946289432752.4,0.07302617427832575
1.0,113537112408852.0,0.07473148493940575
1.0,116188436405110.14,0.07647661809535874
1.0,118901674244198.98,0.07826250368296055
1.0,121678271741092.3,0.08009009335491434
1.0,124519708473503.19,0.08196036098696205
1.0,127427498570313.2,0.08387430319683781
1.0,130403191518412.89,0.08583293987534003
1.0,133448372988383.56,0.08783731472980505
1.0,136564665679460.69,0.08988849584027209
1.0,139753730184229.25,0.09198757622863614
1.0,143017265873508.78,0.0941356744410898
1.0,146357011801907.97,0.09633393514417024
1.0,149774747634520.0,0.09858352973472106
1.0,153272294595261.2,0.10088565696410016
1.0,156851516437355.1,0.10324154357696402
1.0,160514320436476.47,0.10565244496496684
1.0,164262658407093.34,0.10811964583572915
1.0,168098527742536.53,0.11064446089742391
1.0,172023972479359.9,0.11322823555935123
1.0,176041084386555.25,0.11587234664887257
1.0,180152004080202.38,0.1185782031450868
1.0,184358922164148.6,0.12134724692963904
1.0,188664080397325.44,0.1241809535550625
1.0,193069772888324.56,0.12708083303106268
1.0,197578347317869.53,0.13004843062916277
1.0,202192206189835.56,0.13308532770613996
1.0,206913808111479.03,0.1361931425466877
1.0,211745669103571.2,0.13937353122576146
1.0,216690363941118.1,0.14262818849105655
1.0,221750527525392.94,0.1459588486660962
1.0,226928856288008.56,0.14936728657440898
1.0,232228109627772.94,0.15285531848528416
1.0,237651111381107.75,0.1564248030816188
1.0,243200751326794.97,0.16007764245036
1.0,248879986725866.72,0.16381578309607878
1.0,254691843897454.0,0.16764121697821252
1.0,260639419831434.72,0.17155598257252933
1.0,266725883838740.25,0.1755621659573793
1.0,272954479240200.2,0.1796619019253126
1.0,279328525094824.75,0.18385737512065536
1.0,285851417968446.56,0.18815082120365104
1.0,292526633743664.75,0.19254452804178715
1.0,299357729472049.0,0.19704083692893817
1.0,306348345269608.4,0.2016421438329858
1.0,313502206256511.25,0.2063509006725657
1.0,320823124542107.4,0.21116961662363293
1.0,328315001256305.4,0.21610085945653873
1.0,335981828628378.75,0.22114725690432563
1.0,343827692114331.4,0.22631149806298476
1.0,351856772573926.6,0.2315963348244025
1.0,360073348498562.0,0.2370045833427742
1.0,368481798291167.6,0.24253912553526052
1.0,377086602599345.1,0.2482029106176876
1.0,385892346702989.9,0.2539989566761082
1.0,394903722957669.3,0.259930352275063
1.0,404125533295059.25,0.26600025810339706
1.0,413562691781769.75,0.27221190865851025
1.0,423220227237928.0,0.27856861396993926
1.0,433103285916900.1,0.2850737613631831
1.0,443217134247608.5,0.29173081726472844
1.0,453567161640870.25,0.2985433290492158
1.0,464158883361277.25,0.3055149269297452
1.0,474997943466142.2,0.312649325892325
1.0,486090117813064.0,0.3199503276754884
1.0,497441317137746.2,0.32742182279614945
1.0,509057590203668.6,0.335067792622755
1.0,520945127025321.1,0.34289231149685573
1.0,533110262166703.25,0.3508995489042178
1.0,545559478116851.5,0.3590937716966356
1.0,558299408744191.44,0.36747934636562724
1.0,571336842831556.8,0.37606074136922674
1.0,584678727693757.8,0.38484252951311054
1.0,598332172879627.0,0.3938293903873284
1.0,612304453960519.0,0.40302611285993917
1.0,626603016407265.6,0.4124375976288691
1.0,641235479557691.6,0.42206885983337816
1.0,656209640676755.4,0.431925031726493
1.0,671533479111513.5,0.4420113654098546
1.0,687215160543113.5,0.45233323563243044
1.0,703263041338065.8,0.46289614265457385
1.0,719685673001152.9,0.47370571517898236
1.0,736491806732297.2,0.484767713350082
1.0,753690398089854.1,0.49608803182346295
1.0,771290611762799.2,0.5076727029069903
1.0,789301826454356.6,0.5195278997752663
1.0,807733639879670.2,0.5316599397591577
1.0,826595873880179.6,0.5440752877121386
1.0,845898579657428.2,0.5567805594552464
1.0,865652043129091.9,0.5697825253024827
1.0,885866790410083.1,0.583088113668543
1.0,906553593421635.8,0.5967044147607818
1.0,927723475631405.9,0.6106386843574172
1.0,949387717927582.0,0.624898347673939
1.0,971557864630184.8,0.6394910033198192
1.0,994245729642743.9,0.6544244273476189
1.0,1017463402747608.4,0.6697065773966362
1.0,1041223256048306.5,0.6853455969333456
1.0,1065537950562306.4,0.7013498195908312
1.0,1090420442967752.8,0.7177277736095694
1.0,1115883992507748.1,0.7344881863819098
1.0,1141942168055864.8,0.7516399891026795
1.0,1168608855346649.8,0.7691923215283873
1.0,1195898264374976.8,0.7871545368475671
1.0,1223824936968189.8,0.8055362066648514
1.0,1252403754535069.2,0.8243471261014352
1.0,1281649945995759.8,0.8435973190146484
1.0,1311579095896850.2,0.8632970433393986
1.0,1342207152716012.0,0.8834567965543835
1.0,1373550437360512.2,0.9040873212759137
1.0,1405625651864213.5,0.9251996109823821
1.0,1438449888287665.8,0.9468049158724109
1.0,1472040637826004.2,0.9689147488597785
1.0,1506415800129594.2,0.9915408917083796
1.0,1541593692842273.2,1.0146954013104101
1.0,1577593061362361.2,1.0383906161111816
1.0,1614433088831602.0,1.0626391626839604
1.0,1652133406357368.5,1.0874539624583466
1.0,1690714103473578.2,1.112848238605773
1.0,1730195738845891.0,1.1388355230857954
1.0,1770599351226894.2,1.1654296638569246
1.0,1811946470667118.5,1.1926448322558525
1.0,1854259129987854.2,1.220495530548997
1.0,1897559876521850.2,1.2489965996603696
1.0,1941871784128254.8,1.278163227079953
1.0,1987218465488053.2,1.3080109549567067
1.0,2033624084686670.2,1.3385556883805847
1.0,2081113370090399.2,1.3698137038579556
1.0,2129711627523482.5,1.4018016579849153
1.0,2179444753752988.0,1.4345365963231929
1.0,2230339250288498.8,1.4680359624832717
1.0,2282422237504097.5,1.5023176074196487
1.0,2335721469090121.5,1.5373997989431518
1.0,2390265346842389.0,1.5733012314553863
1.0,2446082935796795.5,1.610041035910506
1.0,2503203979717320.5,1.6476387900096054
1.0,2561658916945721.5,1.686114528633178
1.0,2621478896621347.5,1.72548875451719
1.0,2682695795279727.0,1.765782449178471
1.0,2745342233838714.0,1.8070170840951973
1.0,2809451594981406.0,1.8492146321485377
1.0,2875058040944877.0,1.8923975793314078
1.0,2942196531724371.0,1.9365889367306912
1.0,3010902843702598.5,1.9818122527892623
1.0,3081213588714008.5,2.0280916258543193
1.0,3153166233554367.5,2.0754517170188227
1.0,3226799119945812.0,2.123917763262731
1.0,3302151484968175.5,2.1735155909011437
1.0,3379263481967431.5,2.2242716293464913
1.0,3458176201952377.5,2.276212925192084
1.0,3538931695490984.0,2.3293671566245555
1.0,3621572995118067.0,2.383762648172857
1.0,3706144138266220.5,2.439428385801673
1.0,3792690190732238.0,2.496394032357301
1.0,3881257270691540.0,2.554689943374232
1.0,3971892573273302.0,2.6143471832507967
1.0,4064644395709627.5,2.675397541802652
1.0,4159562163071843.0,2.737873551202715
1.0,4256696454607867.0,2.801808503316736
1.0,4356099030694617.0,2.867236467443697
1.0,4457822860419716.0,2.934192308470417
1.0,4561922149807468.0,3.0027117054502286
1.0,4668452370703794.0,3.072831170615389
1.0,4777470290335773.0,3.1445880688335204
1.0,4889034001561442.0,3.2180206375183946
1.0,5003202953825999.0,3.2931680070056712
1.0,5120037984840882.0,3.3700702214044496
1.0,5239601353002633.0,3.448768259935751
1.0,5361956770568805.0,3.5293040587692976
1.0,5487169437608587.0,3.6117205333702205
1.0,5615306076746278.0,3.6960616013676293
1.0,5746434968715974.0,3.782372205957132
1.0,5880625988746757.0,3.8706983398500006
1.0,6017950643797328.0,3.9610870697814544
1.0,6158482110660254.0,4.053586561591328
1.0,6302295274956036.0,4.148246105890436
1.0,6449466771037634.0,4.2451161443262055
1.0,6600075022827102.0,4.344248296461839
1.0,6754200285605594.0,4.445695387282997
1.0,6911924688779366.0,4.549511475346891
1.0,7073332279644438.0,4.655751881588704
1.0,7238509068173247.0,4.764473218800709
1.0,7407543072847155.0,4.875733421799765
1.0,7580524367559245.0,4.989591778299306
1.0,7757545129612397.0,5.10610896050224
1.0,7938699688838207.0,5.225347057431618
1.0,8124084577862974.0,5.347369608016299
1.0,8313798583547334.0,5.472241634949139
1.0,8507942799627444.0,5.6000296793360445
1.0,8706620680585118.0,5.73080183615394
1.0,8909938096776098.0,5.864627790536857
1.0,9118003390845700.0,6.001578854909384
1.0,9330927435461682.0,6.141728006987132
1.0,9548823692395676.0,6.285149928664842
1.0,9771808272983908.0,6.431921045812348
1.0,1e+16,6.5821195690000005
