M_eV,dt_s,visibility
0.01,1e-15,0.9849221519566013
0.01,1.0352317759307377e-15,0.9843950987655274
0.01,1.0717048298967093e-15,0.9838497736703118
0.01,1.109462894327524e-15,0.9832855540474937
0.01,1.148551242423939e-15,0.9827017968332685
0.01,1.1890167424419899e-15,0.9820978379085066
0.01,1.2309079138896017e-15,0.9814729914694212
0.01,1.2742749857031322e-15,0.9808265493838795
0.01,1.3191699564735743e-15,0.9801577805333832
0.01,1.3656466567946124e-15,0.9794659301407845
0.01,1.4137608138073612e-15,0.9787502190838394
0.01,1.4635701180190798e-15,0.9780098431947466
0.01,1.5151342924760514e-15,0.9772439725458671
0.01,1.5685151643735446e-15,0.9764517507218706
0.01,1.6237767391887241e-15,0.975632294078613
0.01,1.6809852774253653e-15,0.9747846909891085
0.01,1.740209374062485e-15,0.9739080010770298
0.01,1.801520040802024e-15,0.9730012544382373
0.01,1.8649907912142942e-15,0.9720634508509225
0.01,1.9306977288832534e-15,0.9710935589750291
0.01,1.9987196386572526e-15,0.9700905155417124
0.01,2.06913808111479e-15,0.9690532245336901
0.01,2.142037490358383e-15,0.9679805563574496
0.01,2.2175052752539293e-15,0.9668713470083871
0.01,2.2956319242369047e-15,0.965724397230077
0.01,2.3765111138110776e-15,0.9645384716690034
0.01,2.4602398208697775e-15,0.9633122980262252
0.01,2.5469184389745402e-15,0.9620445662075973
0.01,2.6366508987303554e-15,0.9607339274743351
0.01,2.729544792402002e-15,0.9593789935958789
0.01,2.8257115029208325e-15,0.9579783360072033
0.01,2.9252663374366475e-15,0.9565304849729112
0.01,3.0283286655749454e-15,0.9550339287606643
0.01,3.135022062565112e-15,0.9534871128267257
0.01,3.2454744574113256e-15,0.9518884390166287
0.01,3.3598182862837876e-15,0.9502362647842375
0.01,3.478190651314134e-15,0.9485289024327386
0.01,3.6007334849856204e-15,0.9467646183813797
0.01,3.727593720314937e-15,0.9449416324620838
0.01,3.858923467029899e-15,0.9430581172503776
0.01,3.994880193954179e-15,0.9411121974354146
0.01,4.1356269178177144e-15,0.9391019492342313
0.01,4.2813323987193956e-15,0.9370253998557422
0.01,4.4321713424760854e-15,0.9348805270203857
0.01,4.58832461010084e-15,0.9326652585417383
0.01,4.749979434661403e-15,0.9303774719768549
0.01,4.917329645779025e-15,0.9280149943525478
0.01,5.0905759020366865e-15,0.9255756019752954
0.01,5.2699259315756565e-15,0.9230570203329684
0.01,5.455594781168514e-15,0.9204569240970827
0.01,5.647805074067546e-15,0.9177729372348276
0.01,5.846787276937601e-15,0.9150026332406781
0.01,6.052779976193355e-15,0.9121435354979851
0.01,6.266030164072656e-15,0.9091931177815272
0.01,6.486793534788508e-15,0.9061488049126438
0.01,6.715334791115135e-15,0.9030079735791855
0.01,6.9519279617755915e-15,0.8997679533331822
0.01,7.196856730011528e-15,0.8964260277797874
0.01,7.450414773728916e-15,0.8929794359717366
0.01,7.712906117627992e-15,0.8894253740242322
0.01,7.984645497739078e-15,0.8857609969658721
0.01,8.265958738801795e-15,0.8819834208419132
0.01,8.557183144940018e-15,0.8780897250868569
0.01,8.858667904100832e-15,0.8740769551840242
0.01,9.17077450674293e-15,0.8699421256304407
0.01,9.49387717927582e-15,0.8656822232260195
0.01,9.82836333277001e-15,0.861294210706623
0.01,1.0174634027476085e-14,0.8567750307411856
0.01,1.0533104453709382e-14,0.85212161031361
0.01,1.0904204429677526e-14,0.8473308655106271
0.01,1.1288378916846882e-14,0.8423997067372418
0.01,1.1686088553466497e-14,0.8373250443817116
0.01,1.2097810206889037e-14,0.8321037949522581
0.01,1.2524037545350744e-14,0.8267328877078569
0.01,1.2965281629896689e-14,0.821209271805453
0.01,1.3422071527160119e-14,0.8155299239858506
0.01,1.389495494373136e-14,0.8096918568202192
0.01,1.438449888287666e-14,0.8036921275387094
0.01,1.4891290324394118e-14,0.7975278474620052
0.01,1.5415936928422733e-14,0.7911961920557337
0.01,1.595906776404731e-14,0.7846944116265354
0.01,1.6521334063573683e-14,0.7780198426771506
0.01,1.7103410003378378e-14,0.771169919936162
0.01,1.7705993512268942e-14,0.7641421890759674
0.01,1.8329807108324375e-14,0.7569343201301172
0.01,1.8975598765218503e-14,0.7495441216183314
0.01,1.9644142809066266e-14,0.7419695553842214
0.01,2.0336240846866703e-14,0.7342087521470418
0.01,2.1052722727657026e-14,0.7262600277645357
0.01,2.179444753752988e-14,0.7181219001991814
0.01,2.256230462970635e-14,0.7097931071748169
0.01,2.3357214690901213e-14,0.701272624504655
0.01,2.418013084525718e-14,0.6925596850651679
0.01,2.5032039797173203e-14,0.6836537983830493
0.01,2.5913963014396626e-14,0.6745547707945638
0.01,2.6826957952797274e-14,0.6652627261279589
0.01,2.777211932429355e-14,0.6557781268502427
0.01,2.8750580409448774e-14,0.6461017956095724
0.01,2.976351441631313e-14,0.6362349370936299
0.01,3.0812135887140085e-14,0.6261791601128239
0.01,3.189770215466325e-14,0.6159364998048757
0.01,3.302151484968175e-14,0.6055094398443585
0.01,3.4184921461759273e-14,0.5949009345271966
0.01,3.5389316954909845e-14,0.5841144305858971
0.01,3.663614544020723e-14,0.5731538885766092
0.01,3.7926901907322537e-14,0.5620238036640057
0.01,3.926313401706839e-14,0.5507292256145516
0.01,4.064644395709628e-14,0.5392757777932283
0.01,4.207849036297398e-14,0.5276696749432135
0.01,4.356099030694617e-14,0.5159177395127366
0.01,4.5095721356761535e-14,0.50402741627848
0.01,4.6684523707037945e-14,0.49200678500071354
0.01,4.8329302385717516e-14,0.4798645708322464
0.01,5.003202953825999e-14,0.4676101521914039
0.01,5.179474679231202e-14,0.45525356579910764
0.01,5.3619567705688055e-14,0.44280550857204554
0.01,5.550868030059811e-14,0.43027733605832597
0.01,5.746434968715974e-14,0.417681057099362
0.01,5.94889207793433e-14,0.40502932440246564
0.01,6.158482110660253e-14,0.3923354207133545
0.01,6.375456372456494e-14,0.37961324028681426
0.01,6.600075022827101e-14,0.3668772653678225
0.01,6.832607387157405e-14,0.3541425374149143
0.01,7.073332279644438e-14,0.3414246228229732
0.01,7.322538337604526e-14,0.32873957293451633
0.01,7.580524367559246e-14,0.3161038781671764
0.01,7.847599703514622e-14,0.3035344161309942
0.01,8.124084577862974e-14,0.29104839366250046
0.01,8.410310505352605e-14,0.27866328276356933
0.01,8.706620680585118e-14,0.2663967505018206
0.01,9.01337038951742e-14,0.2542665830056709
0.01,9.330927435461682e-14,0.24229060377088574
0.01,9.659672580093842e-14,0.23048658658609827
0.01,1e-13,0.21887216348155125
0.01,1.0352317759307377e-13,0.20746472820745265
0.01,1.0717048298967093e-13,0.19628133585445537
0.01,1.1094628943275241e-13,0.18533859933757493
0.01,1.1485512424239393e-13,0.1746525835744852
0.01,1.1890167424419897e-13,0.16423869829754367
0.01,1.2309079138896017e-13,0.15411159054385382
0.01,1.2742749857031322e-13,0.14428503796643113
0.01,1.3191699564735743e-13,0.13477184419940844
0.01,1.3656466567946068e-13,0.12558373758809738
0.01,1.4137608138073612e-13,0.11673127465741524
0.01,1.4635701180190797e-13,0.10822374973659493
0.01,1.5151342924760515e-13,0.10006911218072324
0.01,1.5685151643735508e-13,0.09227389262775368
0.01,1.6237767391887177e-13,0.08484313969998464
0.01,1.6809852774253655e-13,0.07778036849929082
0.01,1.740209374062485e-13,0.07108752215359602
0.01,1.8015200408020238e-13,0.06476494754663713
0.01,1.8649907912142943e-13,0.05881138620366699
0.01,1.9306977288832455e-13,0.053223981112412236
0.01,1.9987196386572526e-13,0.047998300032905325
0.01,2.0691380811147902e-13,0.043128375594153695
0.01,2.142037490358383e-13,0.03860676219372303
0.01,2.2175052752539295e-13,0.034424609413220106
0.01,2.295631924236905e-13,0.030571751344494753
0.01,2.3765111138110775e-13,0.02703681089560436
0.01,2.4602398208697776e-13,0.023807317820583585
0.01,2.5469184389745403e-13,0.020869838902126084
0.01,2.6366508987303554e-13,0.018210118421323584
0.01,2.7295447924020014e-13,0.01581322678372221
0.01,2.8257115029208324e-13,0.013663714946246281
0.01,2.9252663374366474e-13,0.011745772114487473
0.01,3.0283286655749455e-13,0.010043384063005718
0.01,3.135022062565112e-13,0.008540489379735195
0.01,3.245474457411326e-13,0.0072211309544930324
0.01,3.359818286283788e-13,0.006069600123864252
0.01,3.478190651314134e-13,0.0050705710506063085
0.01,3.60073348498562e-13,0.004209223152554921
0.01,3.727593720314938e-13,0.0034713496982101623
0.01,3.858923467029899e-13,0.002843451045163023
0.01,3.9948801939541784e-13,0.0023128114020005055
0.01,4.135626917817697e-13,0.00186755843061972
0.01,4.2813323987193956e-13,0.0014967054584802695
0.01,4.432171342476086e-13,0.0011901765225704821
0.01,4.58832461010084e-13,0.000938814901711017
0.01,4.749979434661422e-13,0.0007343761947553692
0.01,4.917329645779005e-13,0.0005695073541027336
0.01,5.090575902036687e-13,0.0004377133737993461
0.01,5.269925931575656e-13,0.0003333135494060245
0.01,5.455594781168514e-13,0.00025138936633705826
0.01,5.647805074067546e-13,0.00018772613204526292
0.01,5.846787276937577e-13,0.00013875044679355567
0.01,6.052779976193355e-13,0.00010146551329467284
0.01,6.266030164072656e-13,7.338612620887974e-05
0.01,6.486793534788508e-13,5.24749702457212e-05
0.01,6.715334791115135e-13,3.70816043650382e-05
0.01,6.951927961775591e-13,2.5885234376034836e-05
0.01,7.196856730011528e-13,1.7842092273251695e-05
0.01,7.450414773728917e-13,1.213796226004086e-05
0.01,7.712906117627992e-13,8.146133227091934e-06
0.01,7.984645497739078e-13,5.3908257279109415e-06
0.01,8.265958738801796e-13,3.5159456423592816e-06
0.01,8.557183144940019e-13,2.2588611250826988e-06
0.01,8.858667904100832e-13,1.4287854942040726e-06
0.01,9.17077450674293e-13,8.892751173192944e-07
0.01,9.49387717927582e-13,5.4431454267061e-07
0.01,9.82836333277001e-13,3.2745588980644415e-07
0.01,1.0174634027476084e-12,1.9349962291887276e-07
0.01,1.053310445370938e-12,1.1224265768256694e-07
0.01,1.0904204429677527e-12,6.387084520168834e-08
0.01,1.1288378916846882e-12,3.563040006719562e-08
0.01,1.1686088553466497e-12,1.9471890314911443e-08
0.01,1.2097810206889038e-12,1.0417182409332766e-08
0.01,1.2524037545350691e-12,5.451568016878979e-09
0.01,1.296528162989669e-12,2.788588356959565e-09
0.01,1.342207152716012e-12,1.393125077873426e-09
0.01,1.3894954943731361e-12,6.791679041758312e-10
0.01,1.438449888287666e-12,3.228281723215207e-10
0.01,1.4891290324394055e-12,1.4948087637386594e-10
0.01,1.5415936928422733e-12,6.736259949144577e-11
0.01,1.595906776404731e-12,2.951589588104769e-11
0.01,1.6521334063573684e-12,1.2562247368808176e-11
0.01,1.7103410003378378e-12,5.188097439909004e-12
0.01,1.7705993512268944e-12,2.0769106772410975e-12
0.01,1.8329807108324375e-12,8.050441552732763e-13
0.01,1.8975598765218505e-12,3.018007057133319e-13
0.01,1.9644142809066263e-12,1.0929708021263852e-13
0.01,2.03362408468667e-12,3.81905331521416e-14
0.01,2.1052722727657024e-12,1.28592071319305e-14
0.01,2.1794447537529877e-12,4.166938960738744e-15
0.01,2.256230462970635e-12,1.2977103199541673e-15
0.01,2.335721469090121e-12,3.878721279440947e-16
0.01,2.418013084525718e-12,1.1110169937203505e-16
0.01,2.50320397971732e-12,3.045251097849417e-17
0.01,2.5913963014396625e-12,7.97483706343084e-18
0.01,2.6826957952797276e-12,1.992136592706004e-18
0.01,2.777211932429355e-12,4.739065268981065e-19
0.01,2.875058040944877e-12,1.0717532295308248e-19
0.01,2.976351441631313e-12,2.3001245398106236e-20
0.01,3.0812135887140083e-12,4.6758543574930745e-21
0.01,3.1897702154663248e-12,8.986572298509809e-22
0.01,3.3021514849681755e-12,1.6296405209906688e-22
0.01,3.418492146175927e-12,2.7826918475797063e-23
0.01,3.5389316954909847e-12,4.4647131825984494e-24
0.01,3.6636145440207235e-12,6.716210874140514e-25
0.01,3.792690190732238e-12,9.450852477611192e-26
0.01,3.9263134017068395e-12,1.2411160304619117e-26
0.01,4.0646443957096275e-12,1.5173696312152727e-27
0.01,4.207849036297398e-12,1.722715688834672e-28
0.01,4.356099030694617e-12,1.8115324074020654e-29
0.01,4.509572135676135e-12,1.7596084075607484e-30
0.01,4.6684523707037945e-12,1.5743786547338547e-31
0.01,4.832930238571752e-12,1.293804466463434e-32
0.01,5.003202953825999e-12,9.736282070154386e-34
0.01,5.179474679231202e-12,6.68860596190641e-35
0.01,5.361956770568806e-12,4.18120531110148e-36
0.01,5.550868030059811e-12,2.3705390554875084e-37
0.01,5.746434968715973e-12,1.214724902918872e-38
0.01,5.948892077934331e-12,5.60591821209809e-40
0.01,6.1584821106602544e-12,2.3214101280056853e-41
0.01,6.375456372456493e-12,8.592808829244245e-43
0.01,6.600075022827101e-12,2.8319137690974905e-44
0.01,6.8326073871574055e-12,8.275790085080474e-46
0.01,7.073332279644439e-12,2.1354225813716133e-47
0.01,7.322538337604526e-12,4.843938969642011e-49
0.01,7.580524367559246e-12,9.615733267028879e-51
0.01,7.847599703514622e-12,1.6626240231429169e-52
0.01,8.124084577862974e-12,2.4918429631140532e-54
0.01,8.410310505352605e-12,3.220882609884945e-56
0.01,8.706620680585117e-12,3.5718425140340854e-58
0.01,9.01337038951742e-12,3.3800932044061647e-60
0.01,9.330927435461683e-12,2.7142960622768153e-62
0.01,9.659672580093842e-12,1.838931799417999e-64
0.01,1e-11,1.0448479140116392e-66
0.01,1.0352317759307378e-11,4.947970964131814e-69
0.01,1.0717048298967094e-11,1.9404412784878583e-71
0.01,1.109462894327524e-11,6.260192092987367e-74
0.01,1.1485512424239345e-11,1.6500664676547375e-76
0.01,1.1890167424419899e-11,3.528169407810322e-79
0.01,1.2309079138896017e-11,6.074776024686258e-82
0.01,1.2742749857031321e-11,8.358528100349817e-85
0.01,1.3191699564735743e-11,9.118368166813421e-88
0.01,1.3656466567946068e-11,7.82240732440874e-91
0.01,1.4137608138073614e-11,5.232663251829391e-94
0.01,1.46357011801908e-11,2.7055634871906363e-97
0.01,1.5151342924760515e-11,1.0715308310583011e-100
0.01,1.568515164373551e-11,3.2202100143511884e-104
0.01,1.6237767391887175e-11,7.272323030942633e-108
0.01,1.680985277425365e-11,1.2217986386661453e-111
0.01,1.740209374062485e-11,1.511254685310622e-115
0.01,1.8015200408020238e-11,1.361450364485207e-119
0.01,1.8649907912142944e-11,8.833678692462875e-124
0.01,1.9306977288832457e-11,4.080709057832783e-128
0.01,1.9987196386572526e-11,1.3261285157770245e-132
0.01,2.06913808111479e-11,2.9944019699835964e-137
0.01,2.1420374903583833e-11,4.638077999943212e-142
0.01,2.2175052752539296e-11,4.862976139283594e-147
0.01,2.295631924236905e-11,3.404331623619441e-152
0.01,2.3765111138110777e-11,1.5687232918635958e-157
0.01,2.4602398208697774e-11,4.6886408682123986e-163
0.01,2.5469184389745398e-11,8.951785525818966e-169
0.01,2.6366508987303553e-11,1.0746746492251151e-174
0.01,2.7295447924020018e-11,7.980864489018586e-181
0.01,2.825711502920833e-11,3.6047845628634477e-187
0.01,2.925266337436636e-11,9.730990817554151e-194
0.01,3.0283286655749455e-11,1.5417255168392058e-200
0.01,3.135022062565112e-11,1.4069403882907297e-207
0.01,3.2454744574113254e-11,7.253073781854964e-215
0.01,3.359818286283788e-11,2.0701794438471006e-222
0.01,3.478190651314119e-11,3.203961272926561e-230
0.01,3.60073348498562e-11,2.6314495860499308e-238
0.01,3.727593720314938e-11,1.1215963843156778e-246
0.01,3.858923467029899e-11,2.42423966930095e-255
0.01,3.9948801939541784e-11,2.594310605036448e-264
0.01,4.1356269178176977e-11,1.340972447261006e-273
0.01,4.281332398719396e-11,3.263129077527413e-283
0.01,4.432171342476086e-11,3.640306169946572e-293
0.01,4.58832461010084e-11,1.8113294539810806e-303
0.01,4.749979434661422e-11,3.9071406967e-314
0.01,4.9173296457790055e-11,0.0
0.01,5.0905759020366863e-11,0.0
0.01,5.269925931575656e-11,0.0
0.01,5.4555947811685145e-11,0.0
0.01,5.647805074067546e-11,0.0
0.01,5.846787276937578e-11,0.0
0.01,6.052779976193355e-11,0.0
0.01,6.266030164072656e-11,0.0
0.01,6.486793534788508e-11,0.0
0.01,6.715334791115134e-11,0.0
0.01,6.95192796177559e-11,0.0
0.01,7.196856730011528e-11,0.0
0.01,7.450414773728916e-11,0.0
0.01,7.712906117627992e-11,0.0
0.01,7.984645497739078e-11,0.0
0.01,8.265958738801797e-11,0.0
0.01,8.55718314494002e-11,0.0
0.01,8.858667904100796e-11,0.0
0.01,9.17077450674293e-11,0.0
0.01,9.49387717927582e-11,0.0
0.01,9.82836333277001e-11,0.0
0.01,1.0174634027476084e-10,0.0
0.01,1.0533104453709338e-10,0.0
0.01,1.0904204429677526e-10,0.0
0.01,1.1288378916846884e-10,0.0
0.01,1.1686088553466498e-10,0.0
0.01,1.2097810206889038e-10,0.0
0.01,1.2524037545350693e-10,0.0
0.01,1.296528162989669e-10,0.0
0.01,1.342207152716012e-10,0.0
0.01,1.389495494373136e-10,0.0
0.01,1.4384498882876658e-10,0.0
0.01,1.4891290324394056e-10,0.0
0.01,1.5415936928422733e-10,0.0
0.01,1.5959067764047309e-10,0.0
0.01,1.6521334063573685e-10,0.0
0.01,1.710341000337838e-10,0.0
0.01,1.7705993512268945e-10,0.0
0.01,1.8329807108324374e-10,0.0
0.01,1.8975598765218504e-10,0.0
0.01,1.9644142809066266e-10,0.0
0.01,2.0336240846866702e-10,0.0
0.01,2.1052722727657027e-10,0.0
0.01,2.1794447537529878e-10,0.0
0.01,2.2562304629706352e-10,0.0
0.01,2.3357214690901213e-10,0.0
0.01,2.418013084525718e-10,0.0
0.01,2.50320397971732e-10,0.0
0.01,2.5913963014396624e-10,0.0
0.01,2.682695795279716e-10,0.0
0.01,2.777211932429355e-10,0.0
0.01,2.875058040944877e-10,0.0
0.01,2.976351441631313e-10,0.0
0.01,3.0812135887140085e-10,0.0
0.01,3.1897702154663117e-10,0.0
0.01,3.302151484968176e-10,0.0
0.01,3.4184921461759273e-10,0.0
0.01,3.5389316954909843e-10,0.0
0.01,3.663614544020723e-10,0.0
0.01,3.792690190732238e-10,0.0
0.01,3.9263134017068395e-10,0.0
0.01,4.0646443957096276e-10,0.0
0.01,4.2078490362973985e-10,0.0
0.01,4.356099030694617e-10,0.0
0.01,4.5095721356761353e-10,0.0
0.01,4.668452370703795e-10,0.0
0.01,4.832930238571753e-10,0.0
0.01,5.003202953825998e-10,0.0
0.01,5.179474679231202e-10,0.0
0.01,5.361956770568805e-10,0.0
0.01,5.550868030059811e-10,0.0
0.01,5.746434968715973e-10,0.0
0.01,5.948892077934331e-10,0.0
0.01,6.158482110660254e-10,0.0
0.01,6.375456372456493e-10,0.0
0.01,6.600075022827103e-10,0.0
0.01,6.832607387157405e-10,0.0
0.01,7.073332279644439e-10,0.0
0.01,7.322538337604525e-10,0.0
0.01,7.580524367559246e-10,0.0
0.01,7.847599703514623e-10,0.0
0.01,8.12408457786294e-10,0.0
0.01,8.410310505352605e-10,0.0
0.01,8.706620680585118e-10,0.0
0.01,9.013370389517421e-10,0.0
0.01,9.330927435461683e-10,0.0
0.01,9.659672580093803e-10,0.0
0.01,9.999999999999999e-10,0.0
0.03,1e-15,0.9554450525540477
0.03,1.0352317759307377e-15,0.9539120351287773
0.03,1.0717048298967093e-15,0.9523275979819625
0.03,1.109462894327524e-15,0.9506901106930254
0.03,1.148551242423939e-15,0.9489978978943531
0.03,1.1890167424419899e-15,0.9472492385306516
0.03,1.2309079138896017e-15,0.9454423651470262
0.03,1.2742749857031322e-15,0.9435754632101374
0.03,1.3191699564735743e-15,0.9416466704671196
0.03,1.3656466567946124e-15,0.9396540763473017
0.03,1.4137608138073612e-15,0.9375957214121345
0.03,1.4635701180190798e-15,0.9354695968591236
0.03,1.5151342924760514e-15,0.9332736440859734
0.03,1.5685151643735446e-15,0.9310057543215791
0.03,1.6237767391887241e-15,0.928663768330953
0.03,1.6809852774253653e-15,0.9262454762016451
0.03,1.740209374062485e-15,0.9237486172197069
0.03,1.801520040802024e-15,0.921170879843767
0.03,1.8649907912142942e-15,0.9185099017863156
0.03,1.9306977288832534e-15,0.915763270211855
0.03,1.9987196386572526e-15,0.9129285220621474
0.03,2.06913808111479e-15,0.910003144519383
0.03,2.142037490358383e-15,0.9069845756187134
0.03,2.2175052752539293e-15,0.9038702050222164
0.03,2.2956319242369047e-15,0.9006573749670129
0.03,2.3765111138110776e-15,0.8973433814009124
0.03,2.4602398208697775e-15,0.8939254753196408
0.03,2.5469184389745402e-15,0.8904008643203791
0.03,2.6366508987303554e-15,0.8867667143870392
0.03,2.729544792402002e-15,0.8830201519233827
0.03,2.8257115029208325e-15,0.8791582660507846
0.03,2.9252663374366475e-15,0.8751781111881246
0.03,3.0283286655749454e-15,0.8710767099319492
0.03,3.135022062565112e-15,0.8668510562557169
0.03,3.2454744574113256e-15,0.8624981190475477
0.03,3.3598182862837876e-15,0.8580148460064991
0.03,3.478190651314134e-15,0.8533981679179455
0.03,3.6007334849856204e-15,0.8486450033291216
0.03,3.727593720314937e-15,0.8437522636463498
0.03,3.858923467029899e-15,0.8387168586758116
0.03,3.994880193954179e-15,0.8335357026300082
0.03,4.1356269178177144e-15,0.8282057206222285
0.03,4.2813323987193956e-15,0.822723855671379
0.03,4.4321713424760854e-15,0.8170870762394736
0.03,4.58832461010084e-15,0.8112923843238203
0.03,4.749979434661403e-15,0.8053368241255401
0.03,4.917329645779025e-15,0.7992174913154453
0.03,5.0905759020366865e-15,0.7929315429174778
0.03,5.2699259315756565e-15,0.7864762078288222
0.03,5.455594781168514e-15,0.7798487979944889
0.03,5.647805074067546e-15,0.7730467202524948
0.03,5.846787276937601e-15,0.7660674888638139
0.03,6.052779976193355e-15,0.758908738738939
0.03,6.266030164072656e-15,0.7515682393701567
0.03,6.486793534788508e-15,0.7440439094755275
0.03,6.715334791115135e-15,0.7363338323569234
0.03,6.9519279617755915e-15,0.728436271970408
0.03,7.196856730011528e-15,0.720349689702608
0.03,7.450414773728916e-15,0.712072761841561
0.03,7.712906117627992e-15,0.7036043977247265
0.03,7.984645497739078e-15,0.6949437585404857
0.03,8.265958738801795e-15,0.6860902767523708
0.03,8.557183144940018e-15,0.6770436761075495
0.03,8.858667904100832e-15,0.6678039921826577
0.03,9.17077450674293e-15,0.6583715934108934
0.03,9.49387717927582e-15,0.6487472025244272
0.03,9.82836333277001e-15,0.638931918335525
0.03,1.0174634027476085e-14,0.6289272377684244
0.03,1.0533104453709382e-14,0.6187350780419296
0.03,1.0904204429677526e-14,0.6083577988898777
0.03,1.1288378916846882e-14,0.597798224693237
0.03,1.1686088553466497e-14,0.5870596663835136
0.03,1.2097810206889037e-14,0.5761459429626007
0.03,1.2524037545350744e-14,0.5650614024691933
0.03,1.2965281629896689e-14,0.5538109422065409
0.03,1.3422071527160119e-14,0.542400028030826
0.03,1.389495494373136e-14,0.5308347124838713
0.03,1.438449888287666e-14,0.5191216515385166
0.03,1.4891290324394118e-14,0.5072681197100062
0.03,1.5415936928422733e-14,0.4952820232723311
0.03,1.595906776404731e-14,0.4831719113050665
0.03,1.6521334063573683e-14,0.47094698428396725
0.03,1.7103410003378378e-14,0.45861709991797345
0.03,1.7705993512268942e-14,0.4461927759265771
0.03,1.8329807108324375e-14,0.43368518944518974
0.03,1.8975598765218503e-14,0.4211061727426636
0.03,1.9644142809066266e-14,0.40846820493487
0.03,2.0336240846866703e-14,0.39578439938185633
0.03,2.1052722727657026e-14,0.3830684864638895
0.03,2.179444753752988e-14,0.37033479144436426
0.03,2.256230462970635e-14,0.3575982071455052
0.03,2.3357214690901213e-14,0.34487416118652403
0.03,2.418013084525718e-14,0.3321785775640042
0.03,2.5032039797173203e-14,0.31952783239101384
0.03,2.5913963014396626e-14,0.3069387036553789
0.03,2.6826957952797274e-14,0.294428314908856
0.03,2.777211932429355e-14,0.28201407285785884
0.03,2.8750580409448774e-14,0.2697135988930945
0.03,2.976351441631313e-14,0.25754465466973775
0.03,3.0812135887140085e-14,0.2455250619315635
0.03,3.189770215466325e-14,0.23367261686126453
0.03,3.302151484968175e-14,0.22200499933436169
0.03,3.4184921461759273e-14,0.21053967755493286
0.03,3.5389316954909845e-14,0.19929380865652652
0.03,3.663614544020723e-14,0.18828413595988502
0.03,3.7926901907322537e-14,0.17752688368868813
0.03,3.926313401706839e-14,0.16703765005348084
0.03,4.064644395709628e-14,0.15683129972010698
0.03,4.207849036297398e-14,0.1469218567796579
0.03,4.356099030694617e-14,0.1373223994295404
0.03,4.5095721356761535e-14,0.1280449576567021
0.03,4.6684523707037945e-14,0.1191004152811879
0.03,4.8329302385717516e-14,0.11049841776789039
0.03,5.003202953825999e-14,0.10224728724322521
0.03,5.179474679231202e-14,0.09435394615849772
0.03,5.3619567705688055e-14,0.08682385101987988
0.03,5.550868030059811e-14,0.07966093755360794
0.03,5.746434968715974e-14,0.07286757859205807
0.03,5.94889207793433e-14,0.06644455585017199
0.03,6.158482110660253e-14,0.060391046611524515
0.03,6.375456372456494e-14,0.05470462615910156
0.03,6.600075022827101e-14,0.04938128656876378
0.03,6.832607387157405e-14,0.044415472235521475
0.03,7.073332279644438e-14,0.039800132227542126
0.03,7.322538337604526e-14,0.0355267892649193
0.03,7.580524367559246e-14,0.0315856248054642
0.03,7.847599703514622e-14,0.027965579395287283
0.03,8.124084577862974e-14,0.024654467115835303
0.03,8.410310505352605e-14,0.02163910264042276
0.03,8.706620680585118e-14,0.018905439111919966
0.03,9.01337038951742e-14,0.01643871477919888
0.03,9.330927435461682e-14,0.014223606093356602
0.03,9.659672580093842e-14,0.012244384775310183
0.03,1e-13,0.010485076232936182
0.03,1.0352317759307377e-13,0.008929616636054365
0.03,1.0717048298967093e-13,0.007562005956941408
0.03,1.1094628943275241e-13,0.006366454356284584
0.03,1.1485512424239393e-13,0.00532751944051398
0.03,1.1890167424419897e-13,0.004430232134456093
0.03,1.2309079138896017e-13,0.003660209198435346
0.03,1.2742749857031322e-13,0.003003750763523603
0.03,1.3191699564735743e-13,0.0024479216520290744
0.03,1.3656466567946068e-13,0.0019806156794398063
0.03,1.4137608138073612e-13,0.001590602583822248
0.03,1.4635701180190797e-13,0.0012675576827027829
0.03,1.5151342924760515e-13,0.0010020747986998677
0.03,1.5685151643735508e-13,0.0007856634068899161
0.03,1.6237767391887177e-13,0.0006107313234517942
0.03,1.6809852774253655e-13,0.00047055456294556097
0.03,1.740209374062485e-13,0.00035923622980639334
0.03,1.8015200408020238e-13,0.0002716564708499456
0.03,1.8649907912142943e-13,0.0002034155962189852
0.03,1.9306977288832455e-13,0.00015077247670953513
0.03,1.9987196386572526e-13,0.00011058025024358059
0.03,2.0691380811147902e-13,8.022122749425754e-05
0.03,2.142037490358383e-13,5.7542687490005096e-05
0.03,2.2175052752539295e-13,4.079501190090466e-05
0.03,2.295631924236905e-13,2.8573336499415486e-05
0.03,2.3765111138110775e-13,1.9763615236971903e-05
0.03,2.4602398208697776e-13,1.349371114277153e-05
0.03,2.5469184389745403e-13,9.089862002753213e-06
0.03,2.6366508987303554e-13,6.038628468755392e-06
0.03,2.7295447924020014e-13,3.954226097705322e-06
0.03,2.8257115029208324e-13,2.5509760394804784e-06
0.03,2.9252663374366474e-13,1.6204838676880146e-06
0.03,3.0283286655749455e-13,1.013071765865884e-06
0.03,3.135022062565112e-13,6.229429438772015e-07
0.03,3.245474457411326e-13,3.76543940250428e-07
0.03,3.359818286283788e-13,2.2360434572302963e-07
0.03,3.478190651314134e-13,1.3036788435633919e-07
0.03,3.60073348498562e-13,7.457716185623066e-08
0.03,3.727593720314938e-13,4.18306967097385e-08
0.03,3.858923467029899e-13,2.298990976145387e-08
0.03,3.9948801939541784e-13,1.2371451563455725e-08
0.03,4.135626917817697e-13,6.5136226562218906e-09
0.03,4.2813323987193956e-13,3.352810652000062e-09
0.03,4.432171342476086e-13,1.6859090320836562e-09
0.03,4.58832461010084e-13,8.274465003625757e-10
0.03,4.749979434661422e-13,3.9605524723064166e-10
0.03,4.917329645779005e-13,1.8471323294133514e-10
0.03,5.090575902036687e-13,8.38628173770543e-11
0.03,5.269925931575656e-13,3.7030442785996734e-11
0.03,5.455594781168514e-13,1.588695662426008e-11
0.03,5.647805074067546e-13,6.615675514544558e-12
0.03,5.846787276937577e-13,2.6711801013802777e-12
0.03,6.052779976193355e-13,1.0446128651309669e-12
0.03,6.266030164072656e-13,3.9522270873562064e-13
0.03,6.486793534788508e-13,1.4449625887558047e-13
0.03,6.715334791115135e-13,5.098888884987324e-14
0.03,6.951927961775591e-13,1.7344281152582222e-14
0.03,7.196856730011528e-13,5.679856234104161e-15
0.03,7.450414773728917e-13,1.78828753132112e-15
0.03,7.712906117627992e-13,5.405732183464834e-16
0.03,7.984645497739078e-13,1.5666279741522297e-16
0.03,8.265958738801796e-13,4.3463676177956383e-17
0.03,8.557183144940019e-13,1.1525734039844599e-17
0.03,8.858667904100832e-13,2.9167626973566716e-18
0.03,9.17077450674293e-13,7.0324786386953e-19
0.03,9.49387717927582e-13,1.6126859899576277e-19
0.03,9.82836333277001e-13,3.5112230504730714e-20
0.03,1.0174634027476084e-12,7.245033018785045e-21
0.03,1.053310445370938e-12,1.4140794928030212e-21
0.03,1.0904204429677527e-12,2.6056014642860814e-22
0.03,1.1288378916846882e-12,4.523369821630177e-23
0.03,1.1686088553466497e-12,7.382855078556443e-24
0.03,1.2097810206889038e-12,1.130448564591087e-24
0.03,1.2524037545350691e-12,1.6201838726726612e-25
0.03,1.296528162989669e-12,2.16846905646146e-26
0.03,1.342207152716012e-12,2.7037736440834692e-27
0.03,1.3894954943731361e-12,3.132791285588421e-28
0.03,1.438449888287666e-12,3.3644515774806573e-29
0.03,1.4891290324394055e-12,3.3400802855403366e-30
0.03,1.5415936928422733e-12,3.0567260218193063e-31
0.03,1.595906776404731e-12,2.571389753755624e-32
0.03,1.6521334063573684e-12,1.9824489978805117e-33
0.03,1.7103410003378378e-12,1.3964467270578386e-34
0.03,1.7705993512268944e-12,8.958874586593763e-36
0.03,1.8329807108324375e-12,5.217459708714777e-37
0.03,1.8975598765218505e-12,2.748911466842125e-38
0.03,1.9644142809066263e-12,1.3056467161638308e-39
0.03,2.03362408468667e-12,5.570153506053479e-41
0.03,2.1052722727657024e-12,2.126388307639856e-42
0.03,2.1794447537529877e-12,7.235214587270463e-44
0.03,2.256230462970635e-12,2.185411756439049e-45
0.03,2.335721469090121e-12,5.835333991842627e-47
0.03,2.418013084525718e-12,1.3713935590802014e-48
0.03,2.50320397971732e-12,2.82403012575905e-50
0.03,2.5913963014396625e-12,5.0718389640725916e-52
0.03,2.6826957952797276e-12,7.906009625298186e-54
0.03,2.777211932429355e-12,1.0643343293558813e-55
0.03,2.875058040944877e-12,1.2310746898008923e-57
0.03,2.976351441631313e-12,1.2168976553816493e-59
0.03,3.0812135887140083e-12,1.022310746638004e-61
0.03,3.1897702154663248e-12,7.25741934302354e-64
0.03,3.3021514849681755e-12,4.327882332524955e-66
0.03,3.418492146175927e-12,2.1547423476011994e-68
0.03,3.5389316954909847e-12,8.89980915581526e-71
0.03,3.6636145440207235e-12,3.0295140480865025e-73
0.03,3.792690190732238e-12,8.441370307486972e-76
0.03,3.9263134017068395e-12,1.911776660054012e-78
0.03,4.0646443957096275e-12,3.4936079195903407e-81
0.03,4.207849036297398e-12,5.112588356397472e-84
0.03,4.356099030694617e-12,5.944814714387439e-87
0.03,4.509572135676135e-12,5.448137819380087e-90
0.03,4.6684523707037945e-12,3.902362225138088e-93
0.03,4.832930238571752e-12,2.165738107235942e-96
0.03,5.003202953825999e-12,9.2295269461247e-100
0.03,5.179474679231202e-12,2.9923117287520326e-103
0.03,5.361956770568806e-12,7.309782925261618e-107
0.03,5.550868030059811e-12,1.3321138528489245e-110
0.03,5.746434968715973e-12,1.792395335261175e-114
0.03,5.948892077934331e-12,1.7617337402540606e-118
0.03,6.1584821106602544e-12,1.2509951461426069e-122
0.03,6.375456372456493e-12,6.344617568546249e-127
0.03,6.600075022827101e-12,2.2711199657711786e-131
0.03,6.8326073871574055e-12,5.667981170811792e-136
0.03,7.073332279644439e-12,9.737590181766301e-141
0.03,7.322538337604526e-12,1.1365694752764742e-145
0.03,7.580524367559246e-12,8.890930665906147e-151
0.03,7.847599703514622e-12,4.5960225823629583e-156
0.03,8.124084577862974e-12,1.5472554045021938e-161
0.03,8.410310505352605e-12,3.341370928282134e-167
0.03,8.706620680585117e-12,4.556977733652293e-173
0.03,9.01337038951742e-12,3.8617666501340986e-179
0.03,9.330927435461683e-12,1.999731326069915e-185
0.03,9.659672580093842e-12,6.218660797719569e-192
0.03,1e-11,1.1406679524051767e-198
0.03,1.0352317759307378e-11,1.2113828677481277e-205
0.03,1.0717048298967094e-11,7.306367520546263e-213
0.03,1.109462894327524e-11,2.4533695968243192e-220
0.03,1.1485512424239345e-11,4.492667896438828e-228
0.03,1.1890167424419899e-11,4.391858000302412e-236
0.03,1.2309079138896017e-11,2.2417687494241757e-244
0.03,1.2742749857031321e-11,5.839684988989538e-253
0.03,1.3191699564735743e-11,7.581434206134792e-262
0.03,1.3656466567946068e-11,4.786535449651292e-271
0.03,1.4137608138073614e-11,1.4327432128954128e-280
0.03,1.46357011801908e-11,1.9804924351419175e-290
0.03,1.5151342924760515e-11,1.2303084714777681e-300
0.03,1.568515164373551e-11,3.339278096447e-311
0.03,1.6237767391887175e-11,3.85e-322
0.03,1.680985277425365e-11,0.0
0.03,1.740209374062485e-11,0.0
0.03,1.8015200408020238e-11,0.0
0.03,1.8649907912142944e-11,0.0
0.03,1.9306977288832457e-11,0.0
0.03,1.9987196386572526e-11,0.0
0.03,2.06913808111479e-11,0.0
0.03,2.1420374903583833e-11,0.0
0.03,2.2175052752539296e-11,0.0
0.03,2.295631924236905e-11,0.0
0.03,2.3765111138110777e-11,0.0
0.03,2.4602398208697774e-11,0.0
0.03,2.5469184389745398e-11,0.0
0.03,2.6366508987303553e-11,0.0
0.03,2.7295447924020018e-11,0.0
0.03,2.825711502920833e-11,0.0
0.03,2.925266337436636e-11,0.0
0.03,3.0283286655749455e-11,0.0
0.03,3.135022062565112e-11,0.0
0.03,3.2454744574113254e-11,0.0
0.03,3.359818286283788e-11,0.0
0.03,3.478190651314119e-11,0.0
0.03,3.60073348498562e-11,0.0
0.03,3.727593720314938e-11,0.0
0.03,3.858923467029899e-11,0.0
0.03,3.9948801939541784e-11,0.0
0.03,4.1356269178176977e-11,0.0
0.03,4.281332398719396e-11,0.0
0.03,4.432171342476086e-11,0.0
0.03,4.58832461010084e-11,0.0
0.03,4.749979434661422e-11,0.0
0.03,4.9173296457790055e-11,0.0
0.03,5.0905759020366863e-11,0.0
0.03,5.269925931575656e-11,0.0
0.03,5.4555947811685145e-11,0.0
0.03,5.647805074067546e-11,0.0
0.03,5.846787276937578e-11,0.0
0.03,6.052779976193355e-11,0.0
0.03,6.266030164072656e-11,0.0
0.03,6.486793534788508e-11,0.0
0.03,6.715334791115134e-11,0.0
0.03,6.95192796177559e-11,0.0
0.03,7.196856730011528e-11,0.0
0.03,7.450414773728916e-11,0.0
0.03,7.712906117627992e-11,0.0
0.03,7.984645497739078e-11,0.0
0.03,8.265958738801797e-11,0.0
0.03,8.55718314494002e-11,0.0
0.03,8.858667904100796e-11,0.0
0.03,9.17077450674293e-11,0.0
0.03,9.49387717927582e-11,0.0
0.03,9.82836333277001e-11,0.0
0.03,1.0174634027476084e-10,0.0
0.03,1.0533104453709338e-10,0.0
0.03,1.0904204429677526e-10,0.0
0.03,1.1288378916846884e-10,0.0
0.03,1.1686088553466498e-10,0.0
0.03,1.2097810206889038e-10,0.0
0.03,1.2524037545350693e-10,0.0
0.03,1.296528162989669e-10,0.0
0.03,1.342207152716012e-10,0.0
0.03,1.389495494373136e-10,0.0
0.03,1.4384498882876658e-10,0.0
0.03,1.4891290324394056e-10,0.0
0.03,1.5415936928422733e-10,0.0
0.03,1.5959067764047309e-10,0.0
0.03,1.6521334063573685e-10,0.0
0.03,1.710341000337838e-10,0.0
0.03,1.7705993512268945e-10,0.0
0.03,1.8329807108324374e-10,0.0
0.03,1.8975598765218504e-10,0.0
0.03,1.9644142809066266e-10,0.0
0.03,2.0336240846866702e-10,0.0
0.03,2.1052722727657027e-10,0.0
0.03,2.1794447537529878e-10,0.0
0.03,2.2562304629706352e-10,0.0
0.03,2.3357214690901213e-10,0.0
0.03,2.418013084525718e-10,0.0
0.03,2.50320397971732e-10,0.0
0.03,2.5913963014396624e-10,0.0
0.03,2.682695795279716e-10,0.0
0.03,2.777211932429355e-10,0.0
0.03,2.875058040944877e-10,0.0
0.03,2.976351441631313e-10,0.0
0.03,3.0812135887140085e-10,0.0
0.03,3.1897702154663117e-10,0.0
0.03,3.302151484968176e-10,0.0
0.03,3.4184921461759273e-10,0.0
0.03,3.5389316954909843e-10,0.0
0.03,3.663614544020723e-10,0.0
0.03,3.792690190732238e-10,0.0
0.03,3.9263134017068395e-10,0.0
0.03,4.0646443957096276e-10,0.0
0.03,4.2078490362973985e-10,0.0
0.03,4.356099030694617e-10,0.0
0.03,4.5095721356761353e-10,0.0
0.03,4.668452370703795e-10,0.0
0.03,4.832930238571753e-10,0.0
0.03,5.003202953825998e-10,0.0
0.03,5.179474679231202e-10,0.0
0.03,5.361956770568805e-10,0.0
0.03,5.550868030059811e-10,0.0
0.03,5.746434968715973e-10,0.0
0.03,5.948892077934331e-10,0.0
0.03,6.158482110660254e-10,0.0
0.03,6.375456372456493e-10,0.0
0.03,6.600075022827103e-10,0.0
0.03,6.832607387157405e-10,0.0
0.03,7.073332279644439e-10,0.0
0.03,7.322538337604525e-10,0.0
0.03,7.580524367559246e-10,0.0
0.03,7.847599703514623e-10,0.0
0.03,8.12408457786294e-10,0.0
0.03,8.410310505352605e-10,0.0
0.03,8.706620680585118e-10,0.0
0.03,9.013370389517421e-10,0.0
0.03,9.330927435461683e-10,0.0
0.03,9.659672580093803e-10,0.0
0.03,9.999999999999999e-10,0.0
0.1,1e-15,0.8590512084046206
0.1,1.0352317759307377e-15,0.8544652931333196
0.1,1.0717048298967093e-15,0.8497435964897039
0.1,1.109462894327524e-15,0.8448830310401326
0.1,1.148551242423939e-15,0.8398805064441548
0.1,1.1890167424419899e-15,0.8347329353525654
0.1,1.2309079138896017e-15,0.8294372397883607
0.1,1.2742749857031322e-15,0.8239903580329503
0.1,1.3191699564735743e-15,0.8183892520399436
0.1,1.3656466567946124e-15,0.8126309153986307
0.1,1.4137608138073612e-15,0.8067123818688898
0.1,1.4635701180190798e-15,0.8006307345087199
0.1,1.5151342924760514e-15,0.7943831154147962
0.1,1.5685151643735446e-15,0.7879667360954443
0.1,1.6237767391887241e-15,0.7813788884941459
0.1,1.6809852774253653e-15,0.7746169566801232
0.1,1.740209374062485e-15,0.7676784292206387
0.1,1.801520040802024e-15,0.7605609122474283
0.1,1.8649907912142942e-15,0.7532621432270327
0.1,1.9306977288832534e-15,0.7457800054417574
0.1,1.9987196386572526e-15,0.7381125431845037
0.1,2.06913808111479e-15,0.7302579776667111
0.1,2.142037490358383e-15,0.7222147236341897
0.1,2.2175052752539293e-15,0.7139814066805384
0.1,2.2956319242369047e-15,0.7055568812422334
0.1,2.3765111138110776e-15,0.6969402492532061
0.1,2.4602398208697775e-15,0.6881308794298456
0.1,2.5469184389745402e-15,0.6791284271497583
0.1,2.6366508987303554e-15,0.6699328548793854
0.1,2.729544792402002e-15,0.6605444530965457
0.1,2.8257115029208325e-15,0.6509638616442763
0.1,2.9252663374366475e-15,0.6411920914418725
0.1,3.0283286655749454e-15,0.63123054646782
0.1,3.135022062565112e-15,0.6210810459174149
0.1,3.2454744574113256e-15,0.6107458464252155
0.1,3.3598182862837876e-15,0.600227664229187
0.1,3.478190651314134e-15,0.5895296971395045
0.1,3.6007334849856204e-15,0.578655646160492
0.1,3.727593720314937e-15,0.5676097365993039
0.1,3.858923467029899e-15,0.5563967384796472
0.1,3.994880193954179e-15,0.5450219860633714
0.1,4.1356269178177144e-15,0.5334913962671968
0.1,4.2813323987193956e-15,0.5218114857463914
0.1,4.4321713424760854e-15,0.5099893864021358
0.1,4.58832461010084e-15,0.4980328590547398
0.1,4.749979434661403e-15,0.48595030501120334
0.1,4.917329645779025e-15,0.47375077524307857
0.1,5.0905759020366865e-15,0.46144397687955324
0.1,5.2699259315756565e-15,0.4490402767114822
0.1,5.455594781168514e-15,0.43655070139524726
0.1,5.647805074067546e-15,0.42398693404109317
0.1,5.846787276937601e-15,0.41136130686961003
0.1,6.052779976193355e-15,0.3986867896226856
0.1,6.266030164072656e-15,0.3859769734220408
0.1,6.486793534788508e-15,0.37324604978000886
0.1,6.715334791115135e-15,0.36050878448386037
0.1,6.9519279617755915e-15,0.34778048609739876
0.1,7.196856730011528e-15,0.33507696885211496
0.1,7.450414773728916e-15,0.3224145097354141
0.1,7.712906117627992e-15,0.3098097996256375
0.1,7.984645497739078e-15,0.2972798883732483
0.1,8.265958738801795e-15,0.284842123784683
0.1,8.557183144940018e-15,0.2725140845302883
0.1,8.858667904100832e-15,0.2603135070703469
0.1,9.17077450674293e-15,0.24825820677325744
0.1,9.49387717927582e-15,0.23636599348722548
0.1,9.82836333277001e-15,0.22465458192058993
0.1,1.0174634027476085e-14,0.21314149728552056
0.1,1.0533104453709382e-14,0.20184397676411656
0.1,1.0904204429677526e-14,0.19077886746358025
0.1,1.1288378916846882e-14,0.17996252163662965
0.1,1.1686088553466497e-14,0.16941069005256865
0.1,1.2097810206889037e-14,0.15913841451144575
0.1,1.2524037545350744e-14,0.1491599205959251
0.1,1.2965281629896689e-14,0.13948851185016511
0.1,1.3422071527160119e-14,0.1301364666592906
0.1,1.389495494373136e-14,0.12111493917370658
0.1,1.438449888287666e-14,0.11243386567646627
0.1,1.4891290324394118e-14,0.10410187782583234
0.1,1.5415936928422733e-14,0.09612622421589623
0.1,1.595906776404731e-14,0.08851270168269705
0.1,1.6521334063573683e-14,0.0812655977388841
0.1,1.7103410003378378e-14,0.07438764544442371
0.1,1.7705993512268942e-14,0.06787999191237197
0.1,1.8329807108324375e-14,0.06174218150633137
0.1,1.8975598765218503e-14,0.05597215460973653
0.1,1.9644142809066266e-14,0.0505662626373577
0.1,2.0336240846866703e-14,0.0455192997183635
0.1,2.1052722727657026e-14,0.040824551210949536
0.1,2.179444753752988e-14,0.036473858915362915
0.1,2.256230462970635e-14,0.0324577025406689
0.1,2.3357214690901213e-14,0.028765296657637385
0.1,2.418013084525718e-14,0.02538470204363948
0.1,2.5032039797173203e-14,0.022302950004255806
0.1,2.5913963014396626e-14,0.01950617795009923
0.1,2.6826957952797274e-14,0.016979774226156083
0.1,2.777211932429355e-14,0.014708529944916893
0.1,2.8750580409448774e-14,0.01267679537355485
0.1,2.976351441631313e-14,0.010868638278463575
0.1,3.0812135887140085e-14,0.00926800154548997
0.1,3.189770215466325e-14,0.007858857377360794
0.1,3.302151484968175e-14,0.006625355425186066
0.1,3.4184921461759273e-14,0.005551962340146257
0.1,3.5389316954909845e-14,0.004623590433332849
0.1,3.663614544020723e-14,0.0038257134021219214
0.1,3.7926901907322537e-14,0.003144467413297066
0.1,3.926313401706839e-14,0.002566736216438214
0.1,4.064644395709628e-14,0.0020802193833184225
0.1,4.207849036297398e-14,0.0016734832155224316
0.1,4.356099030694617e-14,0.0013359943170500065
0.1,4.5095721356761535e-14,0.0010581362743329664
0.1,4.6684523707037945e-14,0.0008312103059868731
0.1,4.8329302385717516e-14,0.0006474211227885295
0.1,5.003202953825999e-14,0.0004998495606746163
0.1,5.179474679231202e-14,0.00038241380447268195
0.1,5.3619567705688055e-14,0.0002898211993526671
0.1,5.550868030059811e-14,0.00021751274614387848
0.1,5.746434968715974e-14,0.00016160239523363234
0.1,5.94889207793433e-14,0.00011881319530085852
0.1,6.158482110660253e-14,8.64122249408334e-05
0.1,6.375456372456494e-14,6.214604783407374e-05
0.1,6.600075022827101e-14,4.417819852913845e-05
0.1,6.832607387157405e-14,3.102994077178811e-05
0.1,7.073332279644438e-14,2.1525258868233298e-05
0.1,7.322538337604526e-14,1.4740759692303163e-05
0.1,7.580524367559246e-14,9.960892216856003e-06
0.1,7.847599703514622e-14,6.638644383346375e-06
0.1,8.124084577862974e-14,4.3616625960807616e-06
0.1,8.410310505352605e-14,2.8235630480794823e-06
0.1,8.706620680585118e-14,1.8000693211335378e-06
0.1,9.01337038951742e-14,1.1295172493049231e-06
0.1,9.330927435461682e-14,6.972133940306228e-07
0.1,9.659672580093842e-14,4.2311318822536535e-07
0.1,1e-13,2.522930621829991e-07
0.1,1.0352317759307377e-13,1.47721161664919e-07
0.1,1.0717048298967093e-13,8.487700577650855e-08
0.1,1.1094628943275241e-13,4.782541706003455e-08
0.1,1.1485512424239393e-13,2.6408889771639775e-08
0.1,1.1890167424419897e-13,1.4280879116566658e-08
0.1,1.2309079138896017e-13,7.557062726193493e-09
0.1,1.2742749857031322e-13,3.910326135769042e-09
0.1,1.3191699564735743e-13,1.976931913905767e-09
0.1,1.3656466567946068e-13,9.757398508281568e-10
0.1,1.4137608138073612e-13,4.697559381165569e-10
0.1,1.4635701180190797e-13,2.2040719771755157e-10
0.1,1.5151342924760515e-13,1.0069327519547974e-10
0.1,1.5685151643735508e-13,4.474952395191469e-11
0.1,1.6237767391887177e-13,1.932712769967129e-11
0.1,1.6809852774253655e-13,8.104009914854536e-12
0.1,1.740209374062485e-13,3.2955944744723212e-12
0.1,1.8015200408020238e-13,1.2983751094932776e-12
0.1,1.8649907912142943e-13,4.950102135877799e-13
0.1,1.9306977288832455e-13,1.8242046700218202e-13
0.1,1.9987196386572526e-13,6.490207192502147e-14
0.1,2.0691380811147902e-13,2.226542605973126e-14
0.1,2.142037490358383e-13,7.35586592547332e-15
0.1,2.2175052752539295e-13,2.337169520031869e-15
0.1,2.295631924236905e-13,7.131866184719099e-16
0.1,2.3765111138110775e-13,2.087154672607927e-16
0.1,2.4602398208697776e-13,5.849310785075084e-17
0.1,2.5469184389745403e-13,1.5674401493254643e-17
0.1,2.6366508987303554e-13,4.009846062530311e-18
0.1,2.7295447924020014e-13,9.776986008401937e-19
0.1,2.8257115029208324e-13,2.2682343937245663e-19
0.1,2.9252663374366474e-13,4.998223893446546e-20
0.1,3.0283286655749455e-13,1.0442409161819698e-20
0.1,3.135022062565112e-13,2.0645602894052324e-21
0.1,3.245474457411326e-13,3.8552470146272535e-22
0.1,3.359818286283788e-13,6.785795996702654e-23
0.1,3.478190651314134e-13,1.1234887443386833e-23
0.1,3.60073348498562e-13,1.7459005645638346e-24
0.1,3.727593720314938e-13,2.540877105526137e-25
0.1,3.858923467029899e-13,3.455075606442738e-26
0.1,3.9948801939541784e-13,4.379274790125164e-27
0.1,4.135626917817697e-13,5.161096571970985e-28
0.1,4.2813323987193956e-13,5.641095152140884e-29
0.1,4.432171342476086e-13,5.703136827987952e-30
0.1,4.58832461010084e-13,5.318629583898127e-31
0.1,4.749979434661422e-13,4.5623216990650183e-32
0.1,4.917329645779005e-13,3.589164515111882e-33
0.1,5.090575902036687e-13,2.581654743055558e-34
0.1,5.269925931575656e-13,1.6925039216145388e-35
0.1,5.455594781168514e-13,1.0080197300468965e-36
0.1,5.647805074067546e-13,5.435597864503902e-38
0.1,5.846787276937577e-13,2.6445020181564265e-39
0.1,6.052779976193355e-13,1.1566036732360943e-40
0.1,6.266030164072656e-13,4.5304321911355e-42
0.1,6.486793534788508e-13,1.5831497985982754e-43
0.1,6.715334791115135e-13,4.915697614623501e-45
0.1,6.951927961775591e-13,1.3505821832322854e-46
0.1,7.196856730011528e-13,3.269322855806186e-48
0.1,7.450414773728917e-13,6.941571929943538e-50
0.1,7.712906117627992e-13,1.2868119501676778e-51
0.1,7.984645497739078e-13,2.0727786365491457e-53
0.1,8.265958738801796e-13,2.8868320697825288e-55
0.1,8.557183144940019e-13,3.458559988607792e-57
0.1,8.858667904100832e-13,3.545441499030804e-59
0.1,9.17077450674293e-13,3.092868144697938e-61
0.1,9.49387717927582e-13,2.282965649342597e-63
0.1,9.82836333277001e-13,1.4175163047898817e-65
0.1,1.0174634027476084e-12,7.358702242259531e-68
0.1,1.053310445370938e-12,3.1737989615316366e-70
0.1,1.0904204429677527e-12,1.1298651988202369e-72
0.1,1.1288378916846882e-12,3.2976684367488553e-75
0.1,1.1686088553466497e-12,7.835760352418422e-78
0.1,1.2097810206889038e-12,1.5048828368563575e-80
0.1,1.2524037545350691e-12,2.318538701490372e-83
0.1,1.296528162989669e-12,2.8434401895431205e-86
0.1,1.342207152716012e-12,2.7536015725663457e-89
0.1,1.3894954943731361e-12,2.0881973495311548e-92
0.1,1.438449888287666e-12,1.2294596323029736e-95
0.1,1.4891290324394055e-12,5.570014857190047e-99
0.1,1.5415936928422733e-12,1.923926073660596e-102
0.1,1.595906776404731e-12,5.018335547869299e-106
0.1,1.6521334063573684e-12,9.787536854482615e-110
0.1,1.7103410003378378e-12,1.4128018067159703e-113
0.1,1.7705993512268944e-12,1.4934070256803399e-117
0.1,1.8329807108324375e-12,1.1433969073121875e-121
0.1,1.8975598765218505e-12,6.269061202276729e-126
0.1,1.9644142809066263e-12,2.4326834615244735e-130
0.1,2.03362408468667e-12,6.600201782416017e-135
0.1,2.1052722727657024e-12,1.2363513816536715e-139
0.1,2.1794447537529877e-12,1.5782339723086376e-144
0.1,2.256230462970635e-12,1.3544955528018882e-149
0.1,2.335721469090121e-12,7.707006549795669e-155
0.1,2.418013084525718e-12,2.865543582220789e-160
0.1,2.50320397971732e-12,6.858530658845692e-166
0.1,2.5913963014396625e-12,1.0404427445733038e-171
0.1,2.6826957952797276e-12,9.844442556358654e-178
0.1,2.777211932429355e-12,5.713824551248673e-184
0.1,2.875058040944877e-12,1.9996224708401522e-190
0.1,2.976351441631313e-12,4.144894820134658e-197
0.1,3.0812135887140083e-12,4.995854183226066e-204
0.1,3.1897702154663248e-12,3.435110613972075e-211
0.1,3.3021514849681755e-12,1.3210466330999795e-218
0.1,3.418492146175927e-12,2.7838841396572828e-226
0.1,3.5389316954909847e-12,3.1472819158664253e-234
0.1,3.6636145440207235e-12,1.8674252883251843e-242
0.1,3.792690190732238e-12,5.684729985578806e-251
0.1,3.9263134017068395e-12,8.672091484360678e-260
0.1,4.0646443957096275e-12,6.470142980380474e-269
0.1,4.207849036297398e-12,2.3021631006220055e-278
0.1,4.356099030694617e-12,3.805932464003375e-288
0.1,4.509572135676135e-12,2.8455110998953626e-298
0.1,4.6684523707037945e-12,9.356036987856185e-309
0.1,4.832930238571752e-12,1.31426e-319
0.1,5.003202953825999e-12,0.0
0.1,5.179474679231202e-12,0.0
0.1,5.361956770568806e-12,0.0
0.1,5.550868030059811e-12,0.0
0.1,5.746434968715973e-12,0.0
0.1,5.948892077934331e-12,0.0
0.1,6.1584821106602544e-12,0.0
0.1,6.375456372456493e-12,0.0
0.1,6.600075022827101e-12,0.0
0.1,6.8326073871574055e-12,0.0
0.1,7.073332279644439e-12,0.0
0.1,7.322538337604526e-12,0.0
0.1,7.580524367559246e-12,0.0
0.1,7.847599703514622e-12,0.0
0.1,8.124084577862974e-12,0.0
0.1,8.410310505352605e-12,0.0
0.1,8.706620680585117e-12,0.0
0.1,9.01337038951742e-12,0.0
0.1,9.330927435461683e-12,0.0
0.1,9.659672580093842e-12,0.0
0.1,1e-11,0.0
0.1,1.0352317759307378e-11,0.0
0.1,1.0717048298967094e-11,0.0
0.1,1.109462894327524e-11,0.0
0.1,1.1485512424239345e-11,0.0
0.1,1.1890167424419899e-11,0.0
0.1,1.2309079138896017e-11,0.0
0.1,1.2742749857031321e-11,0.0
0.1,1.3191699564735743e-11,0.0
0.1,1.3656466567946068e-11,0.0
0.1,1.4137608138073614e-11,0.0
0.1,1.46357011801908e-11,0.0
0.1,1.5151342924760515e-11,0.0
0.1,1.568515164373551e-11,0.0
0.1,1.6237767391887175e-11,0.0
0.1,1.680985277425365e-11,0.0
0.1,1.740209374062485e-11,0.0
0.1,1.8015200408020238e-11,0.0
0.1,1.8649907912142944e-11,0.0
0.1,1.9306977288832457e-11,0.0
0.1,1.9987196386572526e-11,0.0
0.1,2.06913808111479e-11,0.0
0.1,2.1420374903583833e-11,0.0
0.1,2.2175052752539296e-11,0.0
0.1,2.295631924236905e-11,0.0
0.1,2.3765111138110777e-11,0.0
0.1,2.4602398208697774e-11,0.0
0.1,2.5469184389745398e-11,0.0
0.1,2.6366508987303553e-11,0.0
0.1,2.7295447924020018e-11,0.0
0.1,2.825711502920833e-11,0.0
0.1,2.925266337436636e-11,0.0
0.1,3.0283286655749455e-11,0.0
0.1,3.135022062565112e-11,0.0
0.1,3.2454744574113254e-11,0.0
0.1,3.359818286283788e-11,0.0
0.1,3.478190651314119e-11,0.0
0.1,3.60073348498562e-11,0.0
0.1,3.727593720314938e-11,0.0
0.1,3.858923467029899e-11,0.0
0.1,3.9948801939541784e-11,0.0
0.1,4.1356269178176977e-11,0.0
0.1,4.281332398719396e-11,0.0
0.1,4.432171342476086e-11,0.0
0.1,4.58832461010084e-11,0.0
0.1,4.749979434661422e-11,0.0
0.1,4.9173296457790055e-11,0.0
0.1,5.0905759020366863e-11,0.0
0.1,5.269925931575656e-11,0.0
0.1,5.4555947811685145e-11,0.0
0.1,5.647805074067546e-11,0.0
0.1,5.846787276937578e-11,0.0
0.1,6.052779976193355e-11,0.0
0.1,6.266030164072656e-11,0.0
0.1,6.486793534788508e-11,0.0
0.1,6.715334791115134e-11,0.0
0.1,6.95192796177559e-11,0.0
0.1,7.196856730011528e-11,0.0
0.1,7.450414773728916e-11,0.0
0.1,7.712906117627992e-11,0.0
0.1,7.984645497739078e-11,0.0
0.1,8.265958738801797e-11,0.0
0.1,8.55718314494002e-11,0.0
0.1,8.858667904100796e-11,0.0
0.1,9.17077450674293e-11,0.0
0.1,9.49387717927582e-11,0.0
0.1,9.82836333277001e-11,0.0
0.1,1.0174634027476084e-10,0.0
0.1,1.0533104453709338e-10,0.0
0.1,1.0904204429677526e-10,0.0
0.1,1.1288378916846884e-10,0.0
0.1,1.1686088553466498e-10,0.0
0.1,1.2097810206889038e-10,0.0
0.1,1.2524037545350693e-10,0.0
0.1,1.296528162989669e-10,0.0
0.1,1.342207152716012e-10,0.0
0.1,1.389495494373136e-10,0.0
0.1,1.4384498882876658e-10,0.0
0.1,1.4891290324394056e-10,0.0
0.1,1.5415936928422733e-10,0.0
0.1,1.5959067764047309e-10,0.0
0.1,1.6521334063573685e-10,0.0
0.1,1.710341000337838e-10,0.0
0.1,1.7705993512268945e-10,0.0
0.1,1.8329807108324374e-10,0.0
0.1,1.8975598765218504e-10,0.0
0.1,1.9644142809066266e-10,0.0
0.1,2.0336240846866702e-10,0.0
0.1,2.1052722727657027e-10,0.0
0.1,2.1794447537529878e-10,0.0
0.1,2.2562304629706352e-10,0.0
0.1,2.3357214690901213e-10,0.0
0.1,2.418013084525718e-10,0.0
0.1,2.50320397971732e-10,0.0
0.1,2.5913963014396624e-10,0.0
0.1,2.682695795279716e-10,0.0
0.1,2.777211932429355e-10,0.0
0.1,2.875058040944877e-10,0.0
0.1,2.976351441631313e-10,0.0
0.1,3.0812135887140085e-10,0.0
0.1,3.1897702154663117e-10,0.0
0.1,3.302151484968176e-10,0.0
0.1,3.4184921461759273e-10,0.0
0.1,3.5389316954909843e-10,0.0
0.1,3.663614544020723e-10,0.0
0.1,3.792690190732238e-10,0.0
0.1,3.9263134017068395e-10,0.0
0.1,4.0646443957096276e-10,0.0
0.1,4.2078490362973985e-10,0.0
0.1,4.356099030694617e-10,0.0
0.1,4.5095721356761353e-10,0.0
0.1,4.668452370703795e-10,0.0
0.1,4.832930238571753e-10,0.0
0.1,5.003202953825998e-10,0.0
0.1,5.179474679231202e-10,0.0
0.1,5.361956770568805e-10,0.0
0.1,5.550868030059811e-10,0.0
0.1,5.746434968715973e-10,0.0
0.1,5.948892077934331e-10,0.0
0.1,6.158482110660254e-10,0.0
0.1,6.375456372456493e-10,0.0
0.1,6.600075022827103e-10,0.0
0.1,6.832607387157405e-10,0.0
0.1,7.073332279644439e-10,0.0
0.1,7.322538337604525e-10,0.0
0.1,7.580524367559246e-10,0.0
0.1,7.847599703514623e-10,0.0
0.1,8.12408457786294e-10,0.0
0.1,8.410310505352605e-10,0.0
0.1,8.706620680585118e-10,0.0
0.1,9.013370389517421e-10,0.0
0.1,9.330927435461683e-10,0.0
0.1,9.659672580093803e-10,0.0
0.1,9.999999999999999e-10,0.0
0.3,1e-15,0.6339531428842329
0.3,1.0352317759307377e-15,0.6238544559483026
0.3,1.0717048298967093e-15,0.613569413018615
0.3,1.109462894327524e-15,0.6031006033968965
0.3,1.148551242423939e-15,0.5924510920216295
0.3,1.1890167424419899e-15,0.5816244411999616
0.3,1.2309079138896017e-15,0.5706247318730284
0.3,1.2742749857031322e-15,0.5594565842371562
0.3,1.3191699564735743e-15,0.5481251775279918
0.3,1.3656466567946124e-15,0.5366362687590521
0.3,1.4137608138073612e-15,0.5249962101906672
0.3,1.4635701180190798e-15,0.513211965290114
0.3,1.5151342924760514e-15,0.5012911229289773
0.3,1.5685151643735446e-15,0.4892419095498482
0.3,1.6237767391887241e-15,0.4770731990215836
0.3,1.6809852774253653e-15,0.464794519890876
0.3,1.740209374062485e-15,0.4524160597281422
0.3,1.801520040802024e-15,0.4399486662582318
0.3,1.8649907912142942e-15,0.4274038449614464
0.3,1.9306977288832534e-15,0.41479375282846936
0.3,1.9987196386572526e-15,0.4021311879544219
0.3,2.06913808111479e-15,0.38942957466286365
0.3,2.142037490358383e-15,0.3767029438607887
0.3,2.2175052752539293e-15,0.3639659083408431
0.3,2.2956319242369047e-15,0.3512336327678199
0.3,2.3765111138110776e-15,0.3385217981133265
0.3,2.4602398208697775e-15,0.32584656033589804
0.3,2.5469184389745402e-15,0.31322450314409983
0.3,2.6366508987303554e-15,0.3006725847277848
0.3,2.729544792402002e-15,0.28820807839772306
0.3,2.8257115029208325e-15,0.2758485071366511
0.3,2.9252663374366475e-15,0.26361157213528386
0.3,3.0283286655749454e-15,0.2515150754648935
0.3,3.135022062565112e-15,0.23957683712345088
0.3,3.2454744574113256e-15,0.22781460678438137
0.3,3.3598182862837876e-15,0.21624597067512433
0.3,3.478190651314134e-15,0.20488825411582257
0.3,3.6007334849856204e-15,0.19375842035534271
0.3,3.727593720314937e-15,0.18287296645101156
0.3,3.858923467029899e-15,0.17224781704795053
0.3,3.994880193954179e-15,0.16189821702176702
0.3,4.1356269178177144e-15,0.15183862405210866
0.3,4.2813323987193956e-15,0.14208260229157868
0.3,4.4321713424760854e-15,0.1326427183819375
0.3,4.58832461010084e-15,0.12353044114416846
0.3,4.749979434661403e-15,0.11475604632782088
0.3,4.917329645779025e-15,0.10632852784471851
0.3,5.0905759020366865e-15,0.09825551692946774
0.3,5.2699259315756565e-15,0.09054321066112149
0.3,5.455594781168514e-15,0.08319631124411613
0.3,5.647805074067546e-15,0.07621797737966744
0.3,5.846787276937601e-15,0.06960978895942257
0.3,6.052779976193355e-15,0.06337172618002372
0.3,6.266030164072656e-15,0.057502164009957564
0.3,6.486793534788508e-15,0.05199788273923758
0.3,6.715334791115135e-15,0.04685409510961282
0.3,6.9519279617755915e-15,0.042064490260993584
0.3,7.196856730011528e-15,0.03762129444256702
0.3,7.450414773728916e-15,0.03351534812993826
0.3,7.712906117627992e-15,0.029736198869040213
0.3,7.984645497739078e-15,0.026272208841187174
0.3,8.265958738801795e-15,0.023110675820086548
0.3,8.557183144940018e-15,0.02023796588038021
0.3,8.858667904100832e-15,0.0176396559282928
0.3,9.17077450674293e-15,0.015300683868391013
0.3,9.49387717927582e-15,0.013205504006291561
0.3,9.82836333277001e-15,0.011338245124689977
0.3,1.0174634027476085e-14,0.009682868567600214
0.3,1.0533104453709382e-14,0.008223323631860508
0.3,1.0904204429677526e-14,0.006943697600473359
0.3,1.1288378916846882e-14,0.00582835786152673
0.3,1.1686088553466497e-14,0.004862083738867695
0.3,1.2097810206889037e-14,0.004030185913084627
0.3,1.2524037545350744e-14,0.0033186116273851668
0.3,1.2965281629896689e-14,0.0027140342434276332
0.3,1.3422071527160119e-14,0.0022039261251956205
0.3,1.389495494373136e-14,0.0017766142704431355
0.3,1.438449888287666e-14,0.0014213185632542783
0.3,1.4891290324394118e-14,0.0011281729710265235
0.3,1.5415936928422733e-14,0.0008882304377073445
0.3,1.595906776404731e-14,0.000693452616098805
0.3,1.6521334063573683e-14,0.0005366859207749071
0.3,1.7103410003378378e-14,0.0004116256573279924
0.3,1.7705993512268942e-14,0.0003127701840760584
0.3,1.8329807108324375e-14,0.00023536718348359767
0.3,1.8975598765218503e-14,0.00017535416080825857
0.3,1.9644142809066266e-14,0.0001292952493603786
0.3,2.0336240846866703e-14,9.431629157641603e-05
0.3,2.1052722727657026e-14,6.803999257624762e-05
0.3,2.179444753752988e-14,4.852272042962866e-05
0.3,2.256230462970635e-14,3.41942692848902e-05
0.3,2.3357214690901213e-14,2.3801622990756603e-05
0.3,2.418013084525718e-14,1.6357472940736347e-05
0.3,2.5032039797173203e-14,1.1093968605073732e-05
0.3,2.5913963014396626e-14,7.4219247295849485e-06
0.3,2.6826957952797274e-14,4.895485108981641e-06
0.3,2.777211932429355e-14,3.1820559167261615e-06
0.3,2.8750580409448774e-14,2.0371754800309825e-06
0.3,2.976351441631313e-14,1.283882873079505e-06
0.3,3.0812135887140085e-14,7.960828950854721e-07
0.3,3.189770215466325e-14,4.853759144754346e-07
0.3,3.302151484968175e-14,2.9082219263646767e-07
0.3,3.4184921461759273e-14,1.711352740700901e-07
0.3,3.5389316954909845e-14,9.884121365416579e-08
0.3,3.663614544020723e-14,5.599345902223952e-08
0.3,3.7926901907322537e-14,3.109147281589331e-08
0.3,3.926313401706839e-14,1.6910004202194565e-08
0.3,4.064644395709628e-14,9.001759720302264e-09
0.3,4.207849036297398e-14,4.686666846852448e-09
0.3,4.356099030694617e-14,2.3845906257053143e-09
0.3,4.5095721356761535e-14,1.1847447926932575e-09
0.3,4.6684523707037945e-14,5.742919886090268e-10
0.3,4.8329302385717516e-14,2.713692246683208e-10
0.3,5.003202953825999e-14,1.2488720445054378e-10
0.3,5.179474679231202e-14,5.5924316316798765e-11
0.3,5.3619567705688055e-14,2.4343916404576037e-11
0.3,5.550868030059811e-14,1.0290918397816543e-11
0.3,5.746434968715974e-14,4.220300550198613e-12
0.3,5.94889207793433e-14,1.6772354273180792e-12
0.3,6.158482110660253e-14,6.452463588220286e-13
0.3,6.375456372456494e-14,2.4001619411212476e-13
0.3,6.600075022827101e-14,8.622317433836396e-14
0.3,6.832607387157405e-14,2.98774026417385e-14
0.3,7.073332279644438e-14,9.973443903310377e-15
0.3,7.322538337604526e-14,3.2030196190915835e-15
0.3,7.580524367559246e-14,9.883134878057045e-16
0.3,7.847599703514622e-14,2.925756748163909e-16
0.3,8.124084577862974e-14,8.297670802003959e-17
0.3,8.410310505352605e-14,2.2510879798212188e-17
0.3,8.706620680585118e-14,5.832673827367627e-18
0.3,9.01337038951742e-14,1.4410485168333797e-18
0.3,9.330927435461682e-14,3.3891997444948086e-19
0.3,9.659672580093842e-14,7.574774122726784e-20
0.3,1e-13,1.6058904817172412e-20
0.3,1.0352317759307377e-13,3.2235034750080745e-21
0.3,1.0717048298967093e-13,6.114629558778682e-22
0.3,1.1094628943275241e-13,1.0938966640303222e-22
0.3,1.1485512424239393e-13,1.8418337705449666e-23
0.3,1.1890167424419897e-13,2.9124925892404682e-24
0.3,1.2309079138896017e-13,4.315777843314345e-25
0.3,1.2742749857031322e-13,5.979143023644345e-26
0.3,1.3191699564735743e-13,7.726363511072781e-27
0.3,1.3656466567946068e-13,9.289709385698354e-28
0.3,1.4137608138073612e-13,1.03661344163651e-28
0.3,1.4635701180190797e-13,1.0707234610693627e-29
0.3,1.5151342924760515e-13,1.0209427782225975e-30
0.3,1.5685151643735508e-13,8.961181195729297e-32
0.3,1.6237767391887177e-13,7.21941401982536e-33
0.3,1.6809852774253655e-13,5.3223066233513365e-34
0.3,1.740209374062485e-13,3.579326354119216e-35
0.3,1.8015200408020238e-13,2.1887720978905044e-36
0.3,1.8649907912142943e-13,1.2129488290795102e-37
0.3,1.9306977288832455e-13,6.070447249981266e-39
0.3,1.9987196386572526e-13,2.733856307425615e-40
0.3,2.0691380811147902e-13,1.1038067103809569e-41
0.3,2.142037490358383e-13,3.980168097987388e-43
0.3,2.2175052752539295e-13,1.2766464490533248e-44
0.3,2.295631924236905e-13,3.627517846381288e-46
0.3,2.3765111138110775e-13,9.09209371443823e-48
0.3,2.4602398208697776e-13,2.0013087336292238e-49
0.3,2.5469184389745403e-13,3.850994519297876e-51
0.3,2.6366508987303554e-13,6.447377529535008e-53
0.3,2.7295447924020014e-13,9.345767680795603e-55
0.3,2.8257115029208324e-13,1.1669810246025273e-56
0.3,2.9252663374366474e-13,1.2486683932120637e-58
0.3,3.0283286655749455e-13,1.1386811154563376e-60
0.3,3.135022062565112e-13,8.800000747957237e-63
0.3,3.245474457411326e-13,5.730026475232109e-65
0.3,3.359818286283788e-13,3.124657335725702e-67
0.3,3.478190651314134e-13,1.41809778085054e-69
0.3,3.60073348498562e-13,5.321799596235011e-72
0.3,3.727593720314938e-13,1.6404046064885868e-74
0.3,3.858923467029899e-13,4.12451289822425e-77
0.3,3.9948801939541784e-13,8.398594076136321e-80
0.3,4.135626917817697e-13,1.3747570527557143e-82
0.3,4.2813323987193956e-13,1.795106733490841e-85
0.3,4.432171342476086e-13,1.8549891491354976e-88
0.3,4.58832461010084e-13,1.5045243977691083e-91
0.3,4.749979434661422e-13,9.496371919667104e-95
0.3,4.917329645779005e-13,4.623598307889474e-98
0.3,5.090575902036687e-13,1.7206577093027764e-101
0.3,5.269925931575656e-13,4.848295154259606e-105
0.3,5.455594781168514e-13,1.0242526541483132e-108
0.3,5.647805074067546e-13,1.6059867506561717e-112
0.3,5.846787276937577e-13,1.849403641236425e-116
0.3,6.052779976193355e-13,1.5472258108663218e-120
0.3,6.266030164072656e-13,9.298628639176575e-125
0.3,6.486793534788508e-13,3.967948529548131e-129
0.3,6.715334791115135e-13,1.1878332535150337e-133
0.3,6.951927961775591e-13,2.4635594597161485e-138
0.3,7.196856730011528e-13,3.4944065592364374e-143
0.3,7.450414773728917e-13,3.3448256486444e-148
0.3,7.712906117627992e-13,2.1308125997908363e-153
0.3,7.984645497739078e-13,8.905509507001149e-159
0.3,8.265958738801796e-13,2.405827936852944e-164
0.3,8.557183144940019e-13,4.137003980017601e-170
0.3,8.858667904100832e-13,4.456675068614785e-176
0.3,9.17077450674293e-13,2.9585861278140725e-182
0.3,9.49387717927582e-13,1.1898662079031117e-188
0.3,9.82836333277001e-13,2.8482898944544006e-195
0.3,1.0174634027476084e-12,3.9847739613133e-202
0.3,1.053310445370938e-12,3.1969676457788543e-209
0.3,1.0904204429677527e-12,1.4423806787192991e-216
0.3,1.1288378916846882e-12,3.586088163416554e-224
0.3,1.1686088553466497e-12,4.811089492395296e-232
0.3,1.2097810206889038e-12,3.408066554628617e-240
0.3,1.2524037545350691e-12,1.2463586979924265e-248
0.3,1.296528162989669e-12,2.2989646452434814e-257
0.3,1.342207152716012e-12,2.087869273774876e-266
0.3,1.3894954943731361e-12,9.105726896273741e-276
0.3,1.438449888287666e-12,1.858415510445883e-285
0.3,1.4891290324394055e-12,1.7281007583221458e-295
0.3,1.5415936928422733e-12,7.121396079298468e-306
0.3,1.595906776404731e-12,1.26380214e-316
0.3,1.6521334063573684e-12,0.0
0.3,1.7103410003378378e-12,0.0
0.3,1.7705993512268944e-12,0.0
0.3,1.8329807108324375e-12,0.0
0.3,1.8975598765218505e-12,0.0
0.3,1.9644142809066263e-12,0.0
0.3,2.03362408468667e-12,0.0
0.3,2.1052722727657024e-12,0.0
0.3,2.1794447537529877e-12,0.0
0.3,2.256230462970635e-12,0.0
0.3,2.335721469090121e-12,0.0
0.3,2.418013084525718e-12,0.0
0.3,2.50320397971732e-12,0.0
0.3,2.5913963014396625e-12,0.0
0.3,2.6826957952797276e-12,0.0
0.3,2.777211932429355e-12,0.0
0.3,2.875058040944877e-12,0.0
0.3,2.976351441631313e-12,0.0
0.3,3.0812135887140083e-12,0.0
0.3,3.1897702154663248e-12,0.0
0.3,3.3021514849681755e-12,0.0
0.3,3.418492146175927e-12,0.0
0.3,3.5389316954909847e-12,0.0
0.3,3.6636145440207235e-12,0.0
0.3,3.792690190732238e-12,0.0
0.3,3.9263134017068395e-12,0.0
0.3,4.0646443957096275e-12,0.0
0.3,4.207849036297398e-12,0.0
0.3,4.356099030694617e-12,0.0
0.3,4.509572135676135e-12,0.0
0.3,4.6684523707037945e-12,0.0
0.3,4.832930238571752e-12,0.0
0.3,5.003202953825999e-12,0.0
0.3,5.179474679231202e-12,0.0
0.3,5.361956770568806e-12,0.0
0.3,5.550868030059811e-12,0.0
0.3,5.746434968715973e-12,0.0
0.3,5.948892077934331e-12,0.0
0.3,6.1584821106602544e-12,0.0
0.3,6.375456372456493e-12,0.0
0.3,6.600075022827101e-12,0.0
0.3,6.8326073871574055e-12,0.0
0.3,7.073332279644439e-12,0.0
0.3,7.322538337604526e-12,0.0
0.3,7.580524367559246e-12,0.0
0.3,7.847599703514622e-12,0.0
0.3,8.124084577862974e-12,0.0
0.3,8.410310505352605e-12,0.0
0.3,8.706620680585117e-12,0.0
0.3,9.01337038951742e-12,0.0
0.3,9.330927435461683e-12,0.0
0.3,9.659672580093842e-12,0.0
0.3,1e-11,0.0
0.3,1.0352317759307378e-11,0.0
0.3,1.0717048298967094e-11,0.0
0.3,1.109462894327524e-11,0.0
0.3,1.1485512424239345e-11,0.0
0.3,1.1890167424419899e-11,0.0
0.3,1.2309079138896017e-11,0.0
0.3,1.2742749857031321e-11,0.0
0.3,1.3191699564735743e-11,0.0
0.3,1.3656466567946068e-11,0.0
0.3,1.4137608138073614e-11,0.0
0.3,1.46357011801908e-11,0.0
0.3,1.5151342924760515e-11,0.0
0.3,1.568515164373551e-11,0.0
0.3,1.6237767391887175e-11,0.0
0.3,1.680985277425365e-11,0.0
0.3,1.740209374062485e-11,0.0
0.3,1.8015200408020238e-11,0.0
0.3,1.8649907912142944e-11,0.0
0.3,1.9306977288832457e-11,0.0
0.3,1.9987196386572526e-11,0.0
0.3,2.06913808111479e-11,0.0
0.3,2.1420374903583833e-11,0.0
0.3,2.2175052752539296e-11,0.0
0.3,2.295631924236905e-11,0.0
0.3,2.3765111138110777e-11,0.0
0.3,2.4602398208697774e-11,0.0
0.3,2.5469184389745398e-11,0.0
0.3,2.6366508987303553e-11,0.0
0.3,2.7295447924020018e-11,0.0
0.3,2.825711502920833e-11,0.0
0.3,2.925266337436636e-11,0.0
0.3,3.0283286655749455e-11,0.0
0.3,3.135022062565112e-11,0.0
0.3,3.2454744574113254e-11,0.0
0.3,3.359818286283788e-11,0.0
0.3,3.478190651314119e-11,0.0
0.3,3.60073348498562e-11,0.0
0.3,3.727593720314938e-11,0.0
0.3,3.858923467029899e-11,0.0
0.3,3.9948801939541784e-11,0.0
0.3,4.1356269178176977e-11,0.0
0.3,4.281332398719396e-11,0.0
0.3,4.432171342476086e-11,0.0
0.3,4.58832461010084e-11,0.0
0.3,4.749979434661422e-11,0.0
0.3,4.9173296457790055e-11,0.0
0.3,5.0905759020366863e-11,0.0
0.3,5.269925931575656e-11,0.0
0.3,5.4555947811685145e-11,0.0
0.3,5.647805074067546e-11,0.0
0.3,5.846787276937578e-11,0.0
0.3,6.052779976193355e-11,0.0
0.3,6.266030164072656e-11,0.0
0.3,6.486793534788508e-11,0.0
0.3,6.715334791115134e-11,0.0
0.3,6.95192796177559e-11,0.0
0.3,7.196856730011528e-11,0.0
0.3,7.450414773728916e-11,0.0
0.3,7.712906117627992e-11,0.0
0.3,7.984645497739078e-11,0.0
0.3,8.265958738801797e-11,0.0
0.3,8.55718314494002e-11,0.0
0.3,8.858667904100796e-11,0.0
0.3,9.17077450674293e-11,0.0
0.3,9.49387717927582e-11,0.0
0.3,9.82836333277001e-11,0.0
0.3,1.0174634027476084e-10,0.0
0.3,1.0533104453709338e-10,0.0
0.3,1.0904204429677526e-10,0.0
0.3,1.1288378916846884e-10,0.0
0.3,1.1686088553466498e-10,0.0
0.3,1.2097810206889038e-10,0.0
0.3,1.2524037545350693e-10,0.0
0.3,1.296528162989669e-10,0.0
0.3,1.342207152716012e-10,0.0
0.3,1.389495494373136e-10,0.0
0.3,1.4384498882876658e-10,0.0
0.3,1.4891290324394056e-10,0.0
0.3,1.5415936928422733e-10,0.0
0.3,1.5959067764047309e-10,0.0
0.3,1.6521334063573685e-10,0.0
0.3,1.710341000337838e-10,0.0
0.3,1.7705993512268945e-10,0.0
0.3,1.8329807108324374e-10,0.0
0.3,1.8975598765218504e-10,0.0
0.3,1.9644142809066266e-10,0.0
0.3,2.0336240846866702e-10,0.0
0.3,2.1052722727657027e-10,0.0
0.3,2.1794447537529878e-10,0.0
0.3,2.2562304629706352e-10,0.0
0.3,2.3357214690901213e-10,0.0
0.3,2.418013084525718e-10,0.0
0.3,2.50320397971732e-10,0.0
0.3,2.5913963014396624e-10,0.0
0.3,2.682695795279716e-10,0.0
0.3,2.777211932429355e-10,0.0
0.3,2.875058040944877e-10,0.0
0.3,2.976351441631313e-10,0.0
0.3,3.0812135887140085e-10,0.0
0.3,3.1897702154663117e-10,0.0
0.3,3.302151484968176e-10,0.0
0.3,3.4184921461759273e-10,0.0
0.3,3.5389316954909843e-10,0.0
0.3,3.663614544020723e-10,0.0
0.3,3.792690190732238e-10,0.0
0.3,3.9263134017068395e-10,0.0
0.3,4.0646443957096276e-10,0.0
0.3,4.2078490362973985e-10,0.0
0.3,4.356099030694617e-10,0.0
0.3,4.5095721356761353e-10,0.0
0.3,4.668452370703795e-10,0.0
0.3,4.832930238571753e-10,0.0
0.3,5.003202953825998e-10,0.0
0.3,5.179474679231202e-10,0.0
0.3,5.361956770568805e-10,0.0
0.3,5.550868030059811e-10,0.0
0.3,5.746434968715973e-10,0.0
0.3,5.948892077934331e-10,0.0
0.3,6.158482110660254e-10,0.0
0.3,6.375456372456493e-10,0.0
0.3,6.600075022827103e-10,0.0
0.3,6.832607387157405e-10,0.0
0.3,7.073332279644439e-10,0.0
0.3,7.322538337604525e-10,0.0
0.3,7.580524367559246e-10,0.0
0.3,7.847599703514623e-10,0.0
0.3,8.12408457786294e-10,0.0
0.3,8.410310505352605e-10,0.0
0.3,8.706620680585118e-10,0.0
0.3,9.013370389517421e-10,0.0
0.3,9.330927435461683e-10,0.0
0.3,9.659672580093803e-10,0.0
0.3,9.999999999999999e-10,0.0
1.0,1e-15,0.21887216348155125
1.0,1.0352317759307377e-15,0.20746472820745268
1.0,1.0717048298967093e-15,0.19628133585445537
1.0,1.109462894327524e-15,0.185338599337575
1.0,1.148551242423939e-15,0.1746525835744853
1.0,1.1890167424419899e-15,0.16423869829754362
1.0,1.2309079138896017e-15,0.15411159054385384
1.0,1.2742749857031322e-15,0.14428503796643113
1.0,1.3191699564735743e-15,0.13477184419940844
1.0,1.3656466567946124e-15,0.12558373758809632
1.0,1.4137608138073612e-15,0.11673127465741528
1.0,1.4635701180190798e-15,0.10822374973659493
1.0,1.5151342924760514e-15,0.10006911218072324
1.0,1.5685151643735446e-15,0.09227389262775454
1.0,1.6237767391887241e-15,0.08484313969998382
1.0,1.6809852774253653e-15,0.07778036849929086
1.0,1.740209374062485e-15,0.07108752215359602
1.0,1.801520040802024e-15,0.06476494754663713
1.0,1.8649907912142942e-15,0.058811386203667014
1.0,1.9306977288832534e-15,0.0532239811124116
1.0,1.9987196386572526e-15,0.047998300032905346
1.0,2.06913808111479e-15,0.043128375594153716
1.0,2.142037490358383e-15,0.03860676219372303
1.0,2.2175052752539293e-15,0.03442460941322014
1.0,2.2956319242369047e-15,0.03057175134449478
1.0,2.3765111138110776e-15,0.027036810895604373
1.0,2.4602398208697775e-15,0.023807317820583596
1.0,2.5469184389745402e-15,0.020869838902126094
1.0,2.6366508987303554e-15,0.018210118421323584
1.0,2.729544792402002e-15,0.01581322678372221
1.0,2.8257115029208325e-15,0.013663714946246281
1.0,2.9252663374366475e-15,0.011745772114487473
1.0,3.0283286655749454e-15,0.010043384063005718
1.0,3.135022062565112e-15,0.008540489379735195
1.0,3.2454744574113256e-15,0.0072211309544930385
1.0,3.3598182862837876e-15,0.006069600123864252
1.0,3.478190651314134e-15,0.0050705710506063085
1.0,3.6007334849856204e-15,0.004209223152554917
1.0,3.727593720314937e-15,0.0034713496982101684
1.0,3.858923467029899e-15,0.002843451045163023
1.0,3.994880193954179e-15,0.0023128114020005055
1.0,4.1356269178177144e-15,0.001867558430619672
1.0,4.2813323987193956e-15,0.0014967054584802695
1.0,4.4321713424760854e-15,0.0011901765225704843
1.0,4.58832461010084e-15,0.0009388149017110179
1.0,4.749979434661403e-15,0.0007343761947553901
1.0,4.917329645779025e-15,0.0005695073541027165
1.0,5.0905759020366865e-15,0.0004377133737993465
1.0,5.2699259315756565e-15,0.0003333135494060239
1.0,5.455594781168514e-15,0.00025138936633705826
1.0,5.647805074067546e-15,0.00018772613204526292
1.0,5.846787276937601e-15,0.00013875044679355074
1.0,6.052779976193355e-15,0.00010146551329467284
1.0,6.266030164072656e-15,7.338612620887974e-05
1.0,6.486793534788508e-15,5.24749702457212e-05
1.0,6.715334791115135e-15,3.7081604365038266e-05
1.0,6.9519279617755915e-15,2.5885234376034836e-05
1.0,7.196856730011528e-15,1.784209227325173e-05
1.0,7.450414773728916e-15,1.2137962260040882e-05
1.0,7.712906117627992e-15,8.146133227091949e-06
1.0,7.984645497739078e-15,5.3908257279109415e-06
1.0,8.265958738801795e-15,3.515945642359288e-06
1.0,8.557183144940018e-15,2.2588611250827026e-06
1.0,8.858667904100832e-15,1.428785494204075e-06
1.0,9.17077450674293e-15,8.89275117319296e-07
1.0,9.49387717927582e-15,5.443145426706119e-07
1.0,9.82836333277001e-15,3.2745588980644473e-07
1.0,1.0174634027476085e-14,1.9349962291887276e-07
1.0,1.0533104453709382e-14,1.1224265768256694e-07
1.0,1.0904204429677526e-14,6.387084520168834e-08
1.0,1.1288378916846882e-14,3.563040006719562e-08
1.0,1.1686088553466497e-14,1.9471890314911443e-08
1.0,1.2097810206889037e-14,1.0417182409332766e-08
1.0,1.2524037545350744e-14,5.451568016878534e-09
1.0,1.2965281629896689e-14,2.788588356959565e-09
1.0,1.3422071527160119e-14,1.3931250778734309e-09
1.0,1.389495494373136e-14,6.791679041758312e-10
1.0,1.438449888287666e-14,3.228281723215207e-10
1.0,1.4891290324394118e-14,1.4948087637385213e-10
1.0,1.5415936928422733e-14,6.7362599491446e-11
1.0,1.595906776404731e-14,2.951589588104769e-11
1.0,1.6521334063573683e-14,1.256224736880822e-11
1.0,1.7103410003378378e-14,5.188097439909004e-12
1.0,1.7705993512268942e-14,2.076910677241112e-12
1.0,1.8329807108324375e-14,8.050441552732763e-13
1.0,1.8975598765218503e-14,3.01800705713334e-13
1.0,1.9644142809066266e-14,1.0929708021263852e-13
1.0,2.0336240846866703e-14,3.81905331521416e-14
1.0,2.1052722727657026e-14,1.28592071319305e-14
1.0,2.179444753752988e-14,4.166938960738744e-15
1.0,2.256230462970635e-14,1.2977103199541763e-15
1.0,2.3357214690901213e-14,3.8787212794409195e-16
1.0,2.418013084525718e-14,1.1110169937203505e-16
1.0,2.5032039797173203e-14,3.045251097849417e-17
1.0,2.5913963014396626e-14,7.97483706343084e-18
1.0,2.6826957952797274e-14,1.992136592706018e-18
1.0,2.777211932429355e-14,4.739065268981065e-19
1.0,2.8750580409448774e-14,1.0717532295308172e-19
1.0,2.976351441631313e-14,2.30012453981064e-20
1.0,3.0812135887140085e-14,4.6758543574930745e-21
1.0,3.189770215466325e-14,8.986572298509872e-22
1.0,3.302151484968175e-14,1.6296405209906806e-22
1.0,3.4184921461759273e-14,2.7826918475797063e-23
1.0,3.5389316954909845e-14,4.464713182598481e-24
1.0,3.663614544020723e-14,6.716210874140562e-25
1.0,3.7926901907322537e-14,9.450852477608909e-26
1.0,3.926313401706839e-14,1.2411160304619205e-26
1.0,4.064644395709628e-14,1.517369631215262e-27
1.0,4.207849036297398e-14,1.722715688834672e-28
1.0,4.356099030694617e-14,1.8115324074020654e-29
1.0,4.5095721356761535e-14,1.759608407560248e-30
1.0,4.6684523707037945e-14,1.574378654733877e-31
1.0,4.8329302385717516e-14,1.2938044664634523e-32
1.0,5.003202953825999e-14,9.736282070154524e-34
1.0,5.179474679231202e-14,6.688605961906506e-35
1.0,5.3619567705688055e-14,4.18120531110148e-36
1.0,5.550868030059811e-14,2.3705390554875084e-37
1.0,5.746434968715974e-14,1.2147249029188549e-38
1.0,5.94889207793433e-14,5.60591821209809e-40
1.0,6.158482110660253e-14,2.321410128005751e-41
1.0,6.375456372456494e-14,8.592808829244122e-43
1.0,6.600075022827101e-14,2.8319137690974905e-44
1.0,6.832607387157405e-14,8.275790085080592e-46
1.0,7.073332279644438e-14,2.1354225813716437e-47
1.0,7.322538337604526e-14,4.843938969642011e-49
1.0,7.580524367559246e-14,9.615733267029016e-51
1.0,7.847599703514622e-14,1.6626240231429406e-52
1.0,8.124084577862974e-14,2.4918429631140532e-54
1.0,8.410310505352605e-14,3.220882609884945e-56
1.0,8.706620680585118e-14,3.5718425140340854e-58
1.0,9.01337038951742e-14,3.3800932044061647e-60
1.0,9.330927435461682e-14,2.714296062276892e-62
1.0,9.659672580093842e-14,1.8389317994180513e-64
1.0,1e-13,1.0448479140116392e-66
1.0,1.0352317759307377e-13,4.947970964131955e-69
1.0,1.0717048298967093e-13,1.9404412784879134e-71
1.0,1.1094628943275241e-13,6.260192092987367e-74
1.0,1.1485512424239393e-13,1.6500664676535182e-76
1.0,1.1890167424419897e-13,3.5281694078105226e-79
1.0,1.2309079138896017e-13,6.074776024686258e-82
1.0,1.2742749857031322e-13,8.358528100349817e-85
1.0,1.3191699564735743e-13,9.11836816681368e-88
1.0,1.3656466567946068e-13,7.822407324408962e-91
1.0,1.4137608138073612e-13,5.23266325182954e-94
1.0,1.4635701180190797e-13,2.70556348719079e-97
1.0,1.5151342924760515e-13,1.0715308310583011e-100
1.0,1.5685151643735508e-13,3.22021001435128e-104
1.0,1.6237767391887177e-13,7.272323030942633e-108
1.0,1.6809852774253655e-13,1.2217986386661105e-111
1.0,1.740209374062485e-13,1.511254685310622e-115
1.0,1.8015200408020238e-13,1.3614503644852845e-119
1.0,1.8649907912142943e-13,8.833678692462875e-124
1.0,1.9306977288832455e-13,4.0807090578330147e-128
1.0,1.9987196386572526e-13,1.3261285157770998e-132
1.0,2.0691380811147902e-13,2.994401969983767e-137
1.0,2.142037490358383e-13,4.638077999943476e-142
1.0,2.2175052752539295e-13,4.86297613928387e-147
1.0,2.295631924236905e-13,3.404331623619441e-152
1.0,2.3765111138110775e-13,1.568723291863685e-157
1.0,2.4602398208697776e-13,4.6886408682123986e-163
1.0,2.5469184389745403e-13,8.951785525818458e-169
1.0,2.6366508987303554e-13,1.0746746492251151e-174
1.0,2.7295447924020014e-13,7.98086448901904e-181
1.0,2.8257115029208324e-13,3.604784562863653e-187
1.0,2.9252663374366474e-13,9.730990817537557e-194
1.0,3.0283286655749455e-13,1.5417255168392934e-200
1.0,3.135022062565112e-13,1.4069403882907297e-207
1.0,3.245474457411326e-13,7.253073781854552e-215
1.0,3.359818286283788e-13,2.0701794438471006e-222
1.0,3.478190651314134e-13,3.20396127291964e-230
1.0,3.60073348498562e-13,2.6314495860499308e-238
1.0,3.727593720314938e-13,1.1215963843156778e-246
1.0,3.858923467029899e-13,2.4242396693012253e-255
1.0,3.9948801939541784e-13,2.594310605036448e-264
1.0,4.135626917817697e-13,1.3409724472611585e-273
1.0,4.2813323987193956e-13,3.2631290775277836e-283
1.0,4.432171342476086e-13,3.640306169946986e-293
1.0,4.58832461010084e-13,1.8113294539810806e-303
1.0,4.749979434661422e-13,3.9071406967e-314
1.0,4.917329645779005e-13,0.0
1.0,5.090575902036687e-13,0.0
1.0,5.269925931575656e-13,0.0
1.0,5.455594781168514e-13,0.0
1.0,5.647805074067546e-13,0.0
1.0,5.846787276937577e-13,0.0
1.0,6.052779976193355e-13,0.0
1.0,6.266030164072656e-13,0.0
1.0,6.486793534788508e-13,0.0
1.0,6.715334791115135e-13,0.0
1.0,6.951927961775591e-13,0.0
1.0,7.196856730011528e-13,0.0
1.0,7.450414773728917e-13,0.0
1.0,7.712906117627992e-13,0.0
1.0,7.984645497739078e-13,0.0
1.0,8.265958738801796e-13,0.0
1.0,8.557183144940019e-13,0.0
1.0,8.858667904100832e-13,0.0
1.0,9.17077450674293e-13,0.0
1.0,9.49387717927582e-13,0.0
1.0,9.82836333277001e-13,0.0
1.0,1.0174634027476084e-12,0.0
1.0,1.053310445370938e-12,0.0
1.0,1.0904204429677527e-12,0.0
1.0,1.1288378916846882e-12,0.0
1.0,1.1686088553466497e-12,0.0
1.0,1.2097810206889038e-12,0.0
1.0,1.2524037545350691e-12,0.0
1.0,1.296528162989669e-12,0.0
1.0,1.342207152716012e-12,0.0
1.0,1.3894954943731361e-12,0.0
1.0,1.438449888287666e-12,0.0
1.0,1.4891290324394055e-12,0.0
1.0,1.5415936928422733e-12,0.0
1.0,1.595906776404731e-12,0.0
1.0,1.6521334063573684e-12,0.0
1.0,1.7103410003378378e-12,0.0
1.0,1.7705993512268944e-12,0.0
1.0,1.8329807108324375e-12,0.0
1.0,1.8975598765218505e-12,0.0
1.0,1.9644142809066263e-12,0.0
1.0,2.03362408468667e-12,0.0
1.0,2.1052722727657024e-12,0.0
1.0,2.1794447537529877e-12,0.0
1.0,2.256230462970635e-12,0.0
1.0,2.335721469090121e-12,0.0
1.0,2.418013084525718e-12,0.0
1.0,2.50320397971732e-12,0.0
1.0,2.5913963014396625e-12,0.0
1.0,2.6826957952797276e-12,0.0
1.0,2.777211932429355e-12,0.0
1.0,2.875058040944877e-12,0.0
1.0,2.976351441631313e-12,0.0
1.0,3.0812135887140083e-12,0.0
1.0,3.1897702154663248e-12,0.0
1.0,3.3021514849681755e-12,0.0
1.0,3.418492146175927e-12,0.0
1.0,3.5389316954909847e-12,0.0
1.0,3.6636145440207235e-12,0.0
1.0,3.792690190732238e-12,0.0
1.0,3.9263134017068395e-12,0.0
1.0,4.0646443957096275e-12,0.0
1.0,4.207849036297398e-12,0.0
1.0,4.356099030694617e-12,0.0
1.0,4.509572135676135e-12,0.0
1.0,4.6684523707037945e-12,0.0
1.0,4.832930238571752e-12,0.0
1.0,5.003202953825999e-12,0.0
1.0,5.179474679231202e-12,0.0
1.0,5.361956770568806e-12,0.0
1.0,5.550868030059811e-12,0.0
1.0,5.746434968715973e-12,0.0
1.0,5.948892077934331e-12,0.0
1.0,6.1584821106602544e-12,0.0
1.0,6.375456372456493e-12,0.0
1.0,6.600075022827101e-12,0.0
1.0,6.8326073871574055e-12,0.0
1.0,7.073332279644439e-12,0.0
1.0,7.322538337604526e-12,0.0
1.0,7.580524367559246e-12,0.0
1.0,7.847599703514622e-12,0.0
1.0,8.124084577862974e-12,0.0
1.0,8.410310505352605e-12,0.0
1.0,8.706620680585117e-12,0.0
1.0,9.01337038951742e-12,0.0
1.0,9.330927435461683e-12,0.0
1.0,9.659672580093842e-12,0.0
1.0,1e-11,0.0
1.0,1.0352317759307378e-11,0.0
1.0,1.0717048298967094e-11,0.0
1.0,1.109462894327524e-11,0.0
1.0,1.1485512424239345e-11,0.0
1.0,1.1890167424419899e-11,0.0
1.0,1.2309079138896017e-11,0.0
1.0,1.2742749857031321e-11,0.0
1.0,1.3191699564735743e-11,0.0
1.0,1.3656466567946068e-11,0.0
1.0,1.4137608138073614e-11,0.0
1.0,1.46357011801908e-11,0.0
1.0,1.5151342924760515e-11,0.0
1.0,1.568515164373551e-11,0.0
1.0,1.6237767391887175e-11,0.0
1.0,1.680985277425365e-11,0.0
1.0,1.740209374062485e-11,0.0
1.0,1.8015200408020238e-11,0.0
1.0,1.8649907912142944e-11,0.0
1.0,1.9306977288832457e-11,0.0
1.0,1.9987196386572526e-11,0.0
1.0,2.06913808111479e-11,0.0
1.0,2.1420374903583833e-11,0.0
1.0,2.2175052752539296e-11,0.0
1.0,2.295631924236905e-11,0.0
1.0,2.3765111138110777e-11,0.0
1.0,2.4602398208697774e-11,0.0
1.0,2.5469184389745398e-11,0.0
1.0,2.6366508987303553e-11,0.0
1.0,2.7295447924020018e-11,0.0
1.0,2.825711502920833e-11,0.0
1.0,2.925266337436636e-11,0.0
1.0,3.0283286655749455e-11,0.0
1.0,3.135022062565112e-11,0.0
1.0,3.2454744574113254e-11,0.0
1.0,3.359818286283788e-11,0.0
1.0,3.478190651314119e-11,0.0
1.0,3.60073348498562e-11,0.0
1.0,3.727593720314938e-11,0.0
1.0,3.858923467029899e-11,0.0
1.0,3.9948801939541784e-11,0.0
1.0,4.1356269178176977e-11,0.0
1.0,4.281332398719396e-11,0.0
1.0,4.432171342476086e-11,0.0
1.0,4.58832461010084e-11,0.0
1.0,4.749979434661422e-11,0.0
1.0,4.9173296457790055e-11,0.0
1.0,5.0905759020366863e-11,0.0
1.0,5.269925931575656e-11,0.0
1.0,5.4555947811685145e-11,0.0
1.0,5.647805074067546e-11,0.0
1.0,5.846787276937578e-11,0.0
1.0,6.052779976193355e-11,0.0
1.0,6.266030164072656e-11,0.0
1.0,6.486793534788508e-11,0.0
1.0,6.715334791115134e-11,0.0
1.0,6.95192796177559e-11,0.0
1.0,7.196856730011528e-11,0.0
1.0,7.450414773728916e-11,0.0
1.0,7.712906117627992e-11,0.0
1.0,7.984645497739078e-11,0.0
1.0,8.265958738801797e-11,0.0
1.0,8.55718314494002e-11,0.0
1.0,8.858667904100796e-11,0.0
1.0,9.17077450674293e-11,0.0
1.0,9.49387717927582e-11,0.0
1.0,9.82836333277001e-11,0.0
1.0,1.0174634027476084e-10,0.0
1.0,1.0533104453709338e-10,0.0
1.0,1.0904204429677526e-10,0.0
1.0,1.1288378916846884e-10,0.0
1.0,1.1686088553466498e-10,0.0
1.0,1.2097810206889038e-10,0.0
1.0,1.2524037545350693e-10,0.0
1.0,1.296528162989669e-10,0.0
1.0,1.342207152716012e-10,0.0
1.0,1.389495494373136e-10,0.0
1.0,1.4384498882876658e-10,0.0
1.0,1.4891290324394056e-10,0.0
1.0,1.5415936928422733e-10,0.0
1.0,1.5959067764047309e-10,0.0
1.0,1.6521334063573685e-10,0.0
1.0,1.710341000337838e-10,0.0
1.0,1.7705993512268945e-10,0.0
1.0,1.8329807108324374e-10,0.0
1.0,1.8975598765218504e-10,0.0
1.0,1.9644142809066266e-10,0.0
1.0,2.0336240846866702e-10,0.0
1.0,2.1052722727657027e-10,0.0
1.0,2.1794447537529878e-10,0.0
1.0,2.2562304629706352e-10,0.0
1.0,2.3357214690901213e-10,0.0
1.0,2.418013084525718e-10,0.0
1.0,2.50320397971732e-10,0.0
1.0,2.5913963014396624e-10,0.0
1.0,2.682695795279716e-10,0.0
1.0,2.777211932429355e-10,0.0
1.0,2.875058040944877e-10,0.0
1.0,2.976351441631313e-10,0.0
1.0,3.0812135887140085e-10,0.0
1.0,3.1897702154663117e-10,0.0
1.0,3.302151484968176e-10,0.0
1.0,3.4184921461759273e-10,0.0
1.0,3.5389316954909843e-10,0.0
1.0,3.663614544020723e-10,0.0
1.0,3.792690190732238e-10,0.0
1.0,3.9263134017068395e-10,0.0
1.0,4.0646443957096276e-10,0.0
1.0,4.2078490362973985e-10,0.0
1.0,4.356099030694617e-10,0.0
1.0,4.5095721356761353e-10,0.0
1.0,4.668452370703795e-10,0.0
1.0,4.832930238571753e-10,0.0
1.0,5.003202953825998e-10,0.0
1.0,5.179474679231202e-10,0.0
1.0,5.361956770568805e-10,0.0
1.0,5.550868030059811e-10,0.0
1.0,5.746434968715973e-10,0.0
1.0,5.948892077934331e-10,0.0
1.0,6.158482110660254e-10,0.0
1.0,6.375456372456493e-10,0.0
1.0,6.600075022827103e-10,0.0
1.0,6.832607387157405e-10,0.0
1.0,7.073332279644439e-10,0.0
1.0,7.322538337604525e-10,0.0
1.0,7.580524367559246e-10,0.0
1.0,7.847599703514623e-10,0.0
1.0,8.12408457786294e-10,0.0
1.0,8.410310505352605e-10,0.0
1.0,8.706620680585118e-10,0.0
1.0,9.013370389517421e-10,0.0
1.0,9.330927435461683e-10,0.0
1.0,9.659672580093803e-10,0.0
1.0,9.999999999999999e-10,0.0
